file_name,lat,lon,start,end,season,chunk_size,crps
eta_lat_p44p523903_lon_p156p989563.npy,44.523903,156.989563,168,189,winter,21,0.211883766086478
eta_lat_m58p574665_lon_m71p010414.npy,-58.574665,-71.010414,105,126,winter,21,0.48107273327676875
eta_lat_m40p414062_lon_m41p010422.npy,-40.414062,-41.010422,147,168,winter,21,0.4049373480834459
eta_lat_m55p400803_lon_p78p989594.npy,-55.400803,78.989594,168,189,winter,21,0.20360255162966878
eta_lat_m40p414062_lon_m35p010422.npy,-40.414062,-35.010422,168,189,winter,21,0.1949397003964374
eta_lat_m55p400803_lon_p138p989563.npy,-55.400803,138.989563,105,126,winter,21,0.20329446541635612
eta_lat_p11p027672_lon_m59p010422.npy,11.027672,-59.010422,147,168,winter,21,0.24889408012754038
eta_lat_m52p006847_lon_p0p989578.npy,-52.006847,0.989578,168,189,winter,21,0.14290556390034526
eta_lat_m64p202515_lon_p54p989578.npy,-64.202515,54.989578,168,189,winter,21,0.2617534308841354
eta_lat_m31p463802_lon_p90p989594.npy,-31.463802,90.989594,189,210,winter,21,0.15740717633774406
eta_lat_m55p400803_lon_p126p989594.npy,-55.400803,126.989594,168,189,winter,21,0.7657354583865718
eta_lat_m51p994694_lon_p156p989563.npy,-51.994694,156.989563,126,147,winter,21,0.35132862431438344
eta_lat_m40p414062_lon_p66p989594.npy,-40.414062,66.989594,126,147,winter,21,0.21485872605913564
eta_lat_p5p545479_lon_m143p010422.npy,5.545479,-143.010422,105,126,winter,21,0.17541076948768214
eta_lat_m61p508057_lon_m71p010414.npy,-61.508057,-71.010414,147,168,winter,21,0.7040337630008396
eta_lat_m73p888268_lon_m29p051193.npy,-73.888268,-29.051193,189,210,winter,21,0.6000541589762035
eta_lat_m40p414062_lon_m29p010422.npy,-40.414062,-29.010422,189,210,winter,21,0.14430790865107587
eta_lat_m55p400803_lon_m149p010422.npy,-55.400803,-149.010422,168,189,winter,21,0.4068828711384221
eta_lat_m51p994694_lon_p108p989594.npy,-51.994694,108.989594,126,147,winter,21,0.34899553107587916
eta_lat_m40p414062_lon_p90p989594.npy,-40.414062,90.989594,105,126,winter,21,0.16317905524843618
eta_lat_m26p641497_lon_p6p989578.npy,-26.641497,6.989578,126,147,winter,21,0.1263199742687376
eta_lat_m61p508057_lon_m161p010422.npy,-61.508057,-161.010422,105,126,winter,21,0.1299215951248219
eta_lat_m58p574665_lon_m173p010422.npy,-58.574665,-173.010422,105,126,winter,21,0.24004488830503665
eta_lat_m48p374134_lon_m125p010414.npy,-48.374134,-125.010414,147,168,winter,21,0.10186496847554256
eta_lat_m44p523903_lon_m41p010422.npy,-44.523903,-41.010422,105,126,winter,21,0.2136790097544068
eta_lat_m26p641497_lon_p54p989578.npy,-26.641497,54.989578,126,147,winter,21,0.17359074636509544
eta_lat_m64p202515_lon_p36p989578.npy,-64.202515,36.989578,189,210,winter,21,0.07661430008317295
eta_lat_m40p414062_lon_p24p989578.npy,-40.414062,24.989578,168,189,winter,21,0.3029013868225248
eta_lat_m68p928383_lon_m83p010414.npy,-68.928383,-83.010414,189,210,winter,21,0.10933838078850194
eta_lat_m52p006847_lon_p150p989563.npy,-52.006847,150.989563,189,210,winter,21,0.5716760566360072
eta_lat_m44p523903_lon_m113p010414.npy,-44.523903,-113.010414,168,189,winter,21,0.1313900104478786
eta_lat_p31p463802_lon_m149p010422.npy,31.463802,-149.010422,147,168,winter,21,0.12128418487937827
eta_lat_m58p574665_lon_p24p989578.npy,-58.574665,24.989578,147,168,winter,21,0.10728120333270023
eta_lat_m26p641497_lon_m35p010422.npy,-26.641497,-35.010422,168,189,winter,21,0.14261251413508466
eta_lat_m40p414062_lon_p48p989578.npy,-40.414062,48.989578,126,147,winter,21,0.5029583302767653
eta_lat_p40p414062_lon_m47p010422.npy,40.414062,-47.010422,147,168,winter,21,0.17388654617886795
eta_lat_m61p508057_lon_p84p989594.npy,-61.508057,84.989594,168,189,winter,21,0.15266303718090057
eta_lat_m58p574665_lon_p162p989563.npy,-58.574665,162.989563,189,210,winter,21,0.45391349337602915
eta_lat_p26p641497_lon_m35p010422.npy,26.641497,-35.010422,126,147,winter,21,0.15763380378484726
eta_lat_m58p574665_lon_p162p989563.npy,-58.574665,162.989563,168,189,winter,21,0.35454082175305013
eta_lat_m11p027672_lon_p78p989594.npy,-11.027672,78.989594,147,168,winter,21,0.1303619279673225
eta_lat_m58p574665_lon_m155p010422.npy,-58.574665,-155.010422,189,210,winter,21,0.14370178450879298
eta_lat_m5p545479_lon_p90p989594.npy,-5.545479,90.989594,147,168,winter,21,0.15415813538588977
eta_lat_m31p463802_lon_m23p010422.npy,-31.463802,-23.010422,189,210,winter,21,0.15154162480642921
eta_lat_m48p374134_lon_p126p989594.npy,-48.374134,126.989594,147,168,winter,21,0.48869537915054123
eta_lat_m48p374134_lon_m53p010422.npy,-48.374134,-53.010422,105,126,winter,21,0.8063479301176573
eta_lat_m51p994694_lon_p126p989594.npy,-51.994694,126.989594,189,210,winter,21,0.7317505525915247
eta_lat_m55p389462_lon_m131p010422.npy,-55.389462,-131.010422,189,210,winter,21,0.4707716930853693
eta_lat_m40p414062_lon_p120p989594.npy,-40.414062,120.989594,126,147,winter,21,0.12248576706961582
eta_lat_m51p994694_lon_m125p010414.npy,-51.994694,-125.010414,126,147,winter,21,0.12614702472561284
eta_lat_m64p202515_lon_p42p989578.npy,-64.202515,42.989578,168,189,winter,21,0.08427086943074276
eta_lat_m58p574665_lon_p12p989578.npy,-58.574665,12.989578,126,147,winter,21,0.07271911301895191
eta_lat_m72p442223_lon_m113p020538.npy,-72.442223,-113.020538,126,147,winter,21,0.8502628740511442
eta_lat_m55p389462_lon_m11p010422.npy,-55.389462,-11.010422,105,126,winter,21,0.10418797225544327
eta_lat_m11p027672_lon_m11p010422.npy,-11.027672,-11.010422,147,168,winter,21,0.2343693481464135
eta_lat_m26p641497_lon_m23p010422.npy,-26.641497,-23.010422,189,210,winter,21,0.15315837138577512
eta_lat_m55p400803_lon_p66p989594.npy,-55.400803,66.989594,189,210,winter,21,0.1205527602057708
eta_lat_m55p389462_lon_p90p989594.npy,-55.389462,90.989594,105,126,winter,21,0.47436795658186864
eta_lat_m55p389462_lon_m167p010422.npy,-55.389462,-167.010422,147,168,winter,21,0.32010026276111603
eta_lat_m64p202515_lon_p174p989563.npy,-64.202515,174.989563,126,147,winter,21,0.2232841167010759
eta_lat_m64p202515_lon_p84p989594.npy,-64.202515,84.989594,147,168,winter,21,0.18474549153133443
eta_lat_m68p928383_lon_m155p010422.npy,-68.928383,-155.010422,147,168,winter,21,0.8069525862994947
eta_lat_m61p508057_lon_m11p010422.npy,-61.508057,-11.010422,168,189,winter,21,0.10592168687205565
eta_lat_m0p009682_lon_p0p989578.npy,-0.009682,0.989578,105,126,winter,21,0.16188175544926994
eta_lat_p40p414062_lon_p168p989563.npy,40.414062,168.989563,147,168,winter,21,0.15607554269464394
eta_lat_m58p574665_lon_p18p989578.npy,-58.574665,18.989578,147,168,winter,21,0.1346308618391815
eta_lat_m11p027672_lon_p66p989594.npy,-11.027672,66.989594,147,168,winter,21,0.19538689130230955
eta_lat_p16p395037_lon_m173p010422.npy,16.395037,-173.010422,147,168,winter,21,0.15909918358451441
eta_lat_p65p913406_lon_m30p464722.npy,65.913406,-30.464722,189,210,winter,21,1.6617909858101292
eta_lat_m66p662788_lon_m125p010414.npy,-66.662788,-125.010414,168,189,winter,21,0.14083207477080195
eta_lat_m52p006847_lon_p138p989563.npy,-52.006847,138.989563,105,126,winter,21,0.3478593375337751
eta_lat_m51p994694_lon_m5p010422.npy,-51.994694,-5.010422,105,126,winter,21,0.12940313823913274
eta_lat_m66p662788_lon_m173p010422.npy,-66.662788,-173.010422,189,210,winter,21,0.3786437519286808
eta_lat_p44p523903_lon_p162p989563.npy,44.523903,162.989563,105,126,winter,21,0.13396053114219716
eta_lat_p36p058659_lon_m65p010414.npy,36.058659,-65.010414,147,168,winter,21,0.8242010278137106
eta_lat_p11p027672_lon_m113p010414.npy,11.027672,-113.010414,105,126,winter,21,0.22695227045761912
eta_lat_p36p058659_lon_p162p989563.npy,36.058659,162.989563,105,126,winter,21,0.317412563844731
eta_lat_p26p641497_lon_p162p989563.npy,26.641497,162.989563,168,189,winter,21,0.16149228223060308
eta_lat_p40p414062_lon_p156p989563.npy,40.414062,156.989563,189,210,winter,21,0.23171761279043399
eta_lat_m48p374134_lon_p114p989594.npy,-48.374134,114.989594,147,168,winter,21,0.6227321671812158
eta_lat_m51p994694_lon_p120p989594.npy,-51.994694,120.989594,126,147,winter,21,0.7480253820356569
eta_lat_m55p389462_lon_p12p989578.npy,-55.389462,12.989578,189,210,winter,21,0.10047575988267597
eta_lat_m55p400803_lon_m167p010422.npy,-55.400803,-167.010422,105,126,winter,21,0.25986673839782415
eta_lat_m26p641497_lon_p0p989578.npy,-26.641497,0.989578,105,126,winter,21,0.12967851267833458
eta_lat_p48p374134_lon_m137p010422.npy,48.374134,-137.010422,168,189,winter,21,0.18882985491501658
eta_lat_m66p662788_lon_m125p010414.npy,-66.662788,-125.010414,189,210,winter,21,0.19191290673456693
eta_lat_m55p389462_lon_p138p989563.npy,-55.389462,138.989563,147,168,winter,21,0.17980091940415532
eta_lat_m72p438423_lon_m118p949417.npy,-72.438423,-118.949417,126,147,winter,21,1.235427250987605
eta_lat_m55p389462_lon_m83p010414.npy,-55.389462,-83.010414,168,189,winter,21,0.15394826076532664
eta_lat_m58p574665_lon_m173p010422.npy,-58.574665,-173.010422,126,147,winter,21,0.27014614680879995
eta_lat_p11p027672_lon_m167p010422.npy,11.027672,-167.010422,168,189,winter,21,0.19930222042297063
eta_lat_m51p994694_lon_p150p989563.npy,-51.994694,150.989563,189,210,winter,21,0.5528878506861234
eta_lat_m68p928383_lon_m5p010422.npy,-68.928383,-5.010422,147,168,winter,21,0.31681223135245473
eta_lat_m52p006847_lon_m89p010414.npy,-52.006847,-89.010414,168,189,winter,21,0.13952055632283814
eta_lat_m40p414062_lon_m107p010414.npy,-40.414062,-107.010414,189,210,winter,21,0.11529093745507692
eta_lat_m68p928383_lon_m173p010422.npy,-68.928383,-173.010422,126,147,winter,21,0.9097678222154316
eta_lat_p21p610189_lon_m59p010422.npy,21.610189,-59.010422,189,210,winter,21,0.15838241381080528
eta_lat_m52p006847_lon_p108p989594.npy,-52.006847,108.989594,126,147,winter,21,0.3280585714076695
eta_lat_m21p610189_lon_m5p010422.npy,-21.610189,-5.010422,126,147,winter,21,0.14492775754708992
eta_lat_m40p414062_lon_m143p010422.npy,-40.414062,-143.010422,189,210,winter,21,0.1128429627340091
eta_lat_m26p641497_lon_p96p989594.npy,-26.641497,96.989594,147,168,winter,21,0.19452176556775444
eta_lat_m68p928383_lon_m161p010422.npy,-68.928383,-161.010422,189,210,winter,21,1.0416046537851031
eta_lat_p48p374134_lon_m23p010422.npy,48.374134,-23.010422,189,210,winter,21,0.2930521878756975
eta_lat_m5p545479_lon_m119p010414.npy,-5.545479,-119.010414,105,126,winter,21,0.16464199321834663
eta_lat_m44p523903_lon_p60p989578.npy,-44.523903,60.989578,126,147,winter,21,0.2637271269371635
eta_lat_m61p508057_lon_m119p010414.npy,-61.508057,-119.010414,189,210,winter,21,0.39180783652945567
eta_lat_m51p994694_lon_m167p010422.npy,-51.994694,-167.010422,168,189,winter,21,0.3348479898352372
eta_lat_m55p389462_lon_m89p010414.npy,-55.389462,-89.010414,168,189,winter,21,0.13845491654386646
eta_lat_m48p374134_lon_m113p010414.npy,-48.374134,-113.010414,189,210,winter,21,0.13374971245464526
eta_lat_m68p928383_lon_m149p010422.npy,-68.928383,-149.010422,126,147,winter,21,0.4138329389848207
eta_lat_p36p058659_lon_m143p010422.npy,36.058659,-143.010422,126,147,winter,21,0.12548671309885226
eta_lat_p0p009682_lon_m113p010414.npy,0.009682,-113.010414,168,189,winter,21,0.20668968832806536
eta_lat_m52p006847_lon_p24p989578.npy,-52.006847,24.989578,105,126,winter,21,0.4670013361855557
eta_lat_m31p463802_lon_p36p989578.npy,-31.463802,36.989578,126,147,winter,21,0.24735598070056816
eta_lat_m71p152878_lon_m166p947037.npy,-71.152878,-166.947037,168,189,winter,21,1.4153728924299542
eta_lat_m61p508057_lon_p24p989578.npy,-61.508057,24.989578,189,210,winter,21,0.10612948101602103
eta_lat_m58p574665_lon_m119p010414.npy,-58.574665,-119.010414,147,168,winter,21,0.3964817641597045
eta_lat_m55p400803_lon_m17p010422.npy,-55.400803,-17.010422,147,168,winter,21,0.1281596880994345
eta_lat_m5p545479_lon_m125p010414.npy,-5.545479,-125.010414,105,126,winter,21,0.14429262280464172
eta_lat_m55p400803_lon_p108p989594.npy,-55.400803,108.989594,189,210,winter,21,0.2178680743826063
eta_lat_m64p202515_lon_p48p989578.npy,-64.202515,48.989578,105,126,winter,21,0.43148904568270635
eta_lat_m44p523903_lon_m47p010422.npy,-44.523903,-47.010422,168,189,winter,21,0.2039623389902868
eta_lat_m5p545479_lon_p84p989594.npy,-5.545479,84.989594,126,147,winter,21,0.17086100186172284
eta_lat_p16p395037_lon_p162p989563.npy,16.395037,162.989563,126,147,winter,21,0.21823130704854665
eta_lat_m31p463802_lon_p96p989594.npy,-31.463802,96.989594,168,189,winter,21,0.18520684069708773
eta_lat_m51p994694_lon_p60p989578.npy,-51.994694,60.989578,189,210,winter,21,0.148474887797707
eta_lat_m51p994694_lon_m11p010422.npy,-51.994694,-11.010422,147,168,winter,21,0.12448958268291072
eta_lat_p36p058659_lon_p150p989563.npy,36.058659,150.989563,147,168,winter,21,0.7959491908550262
eta_lat_m73p859009_lon_m35p162323.npy,-73.859009,-35.162323,105,126,winter,21,1.0668720681416362
eta_lat_m44p523903_lon_m23p010422.npy,-44.523903,-23.010422,189,210,winter,21,0.21806065855841889
eta_lat_p0p009682_lon_m161p010422.npy,0.009682,-161.010422,168,189,winter,21,0.19330723426843943
eta_lat_m31p463802_lon_m149p010422.npy,-31.463802,-149.010422,189,210,winter,21,0.14863509625980728
eta_lat_m58p574665_lon_m35p010422.npy,-58.574665,-35.010422,126,147,winter,21,0.12639043401730687
eta_lat_m0p009682_lon_p60p989578.npy,-0.009682,60.989578,168,189,winter,21,0.26942693010756846
eta_lat_p31p463802_lon_m125p010414.npy,31.463802,-125.010414,168,189,winter,21,0.20965750868383207
eta_lat_m64p202515_lon_m155p010422.npy,-64.202515,-155.010422,126,147,winter,21,0.5190352103427837
eta_lat_m55p389462_lon_m59p010422.npy,-55.389462,-59.010422,147,168,winter,21,0.8464417332097104
eta_lat_m26p641497_lon_m173p010422.npy,-26.641497,-173.010422,189,210,winter,21,0.15516775846481323
eta_lat_p44p523903_lon_m137p010422.npy,44.523903,-137.010422,147,168,winter,21,0.18552356840748535
eta_lat_m36p058659_lon_m131p010422.npy,-36.058659,-131.010422,189,210,winter,21,0.10982194582098409
eta_lat_m44p523903_lon_m11p010422.npy,-44.523903,-11.010422,168,189,winter,21,0.23404196532149063
eta_lat_m51p994694_lon_p0p989578.npy,-51.994694,0.989578,168,189,winter,21,0.14050346808998207
eta_lat_p26p641497_lon_p150p989563.npy,26.641497,150.989563,168,189,winter,21,0.1736555315162006
eta_lat_m36p058659_lon_p0p989578.npy,-36.058659,0.989578,189,210,winter,21,0.12432218146951575
eta_lat_m16p395037_lon_m17p010422.npy,-16.395037,-17.010422,168,189,winter,21,0.21773040961278112
eta_lat_m48p374134_lon_m95p010414.npy,-48.374134,-95.010414,147,168,winter,21,0.145302850557001
eta_lat_m66p662788_lon_m77p010414.npy,-66.662788,-77.010414,189,210,winter,21,0.2621193257601638
eta_lat_m64p202515_lon_m5p010422.npy,-64.202515,-5.010422,147,168,winter,21,0.3584864861086795
eta_lat_m55p389462_lon_p36p989578.npy,-55.389462,36.989578,189,210,winter,21,0.3576223563991095
eta_lat_m51p994694_lon_m95p010414.npy,-51.994694,-95.010414,168,189,winter,21,0.15636506559033142
eta_lat_m66p662788_lon_m29p010422.npy,-66.662788,-29.010422,126,147,winter,21,0.8571361522925528
eta_lat_m21p610189_lon_p90p989594.npy,-21.610189,90.989594,189,210,winter,21,0.13825831777955355
eta_lat_m51p994694_lon_p30p989578.npy,-51.994694,30.989578,189,210,winter,21,0.3232369971902747
eta_lat_m66p662788_lon_p174p989563.npy,-66.662788,174.989563,168,189,winter,21,0.1245477213279197
eta_lat_m75p355705_lon_m159p614578.npy,-75.355705,-159.614578,126,147,winter,21,5.50101029245477
eta_lat_m55p400803_lon_m161p010422.npy,-55.400803,-161.010422,126,147,winter,21,0.24502724173821902
eta_lat_p21p610189_lon_m23p010422.npy,21.610189,-23.010422,189,210,winter,21,0.2216293725528215
eta_lat_p5p545479_lon_m131p010422.npy,5.545479,-131.010422,168,189,winter,21,0.16195032392677508
eta_lat_m58p574665_lon_m119p010414.npy,-58.574665,-119.010414,189,210,winter,21,0.3961561879045085
eta_lat_m71p296463_lon_m35p025223.npy,-71.296463,-35.025223,189,210,winter,21,1.710259004643089
eta_lat_m58p574665_lon_m23p010422.npy,-58.574665,-23.010422,105,126,winter,21,0.9481448578207117
eta_lat_m55p400803_lon_m101p010414.npy,-55.400803,-101.010414,168,189,winter,21,0.20103308127114647
eta_lat_m51p994694_lon_p156p989563.npy,-51.994694,156.989563,147,168,winter,21,1.0529368441355855
eta_lat_m58p574665_lon_m35p010422.npy,-58.574665,-35.010422,189,210,winter,21,0.10797395890480593
eta_lat_m52p006847_lon_p120p989594.npy,-52.006847,120.989594,168,189,winter,21,0.208162900648619
eta_lat_m61p508057_lon_m5p010422.npy,-61.508057,-5.010422,147,168,winter,21,0.2869090155551308
eta_lat_m48p374134_lon_m167p010422.npy,-48.374134,-167.010422,126,147,winter,21,0.31700542177024643
eta_lat_m40p414062_lon_m137p010422.npy,-40.414062,-137.010422,168,189,winter,21,0.09988720891507048
eta_lat_m48p374134_lon_m137p010422.npy,-48.374134,-137.010422,147,168,winter,21,0.08886887015480745
eta_lat_p40p414062_lon_p156p989563.npy,40.414062,156.989563,105,126,winter,21,0.17401116929556193
eta_lat_p48p374134_lon_m35p010422.npy,48.374134,-35.010422,189,210,winter,21,0.18652118977747464
eta_lat_m58p574665_lon_p54p989578.npy,-58.574665,54.989578,147,168,winter,21,0.22090714895411542
eta_lat_m36p058659_lon_p66p989594.npy,-36.058659,66.989594,168,189,winter,21,0.12267784146886122
eta_lat_m58p574665_lon_m161p010422.npy,-58.574665,-161.010422,168,189,winter,21,0.18402430101444847
eta_lat_p55p389462_lon_m29p010422.npy,55.389462,-29.010422,189,210,winter,21,0.26755700456468684
eta_lat_p26p641497_lon_p150p989563.npy,26.641497,150.989563,105,126,winter,21,0.19927309022137993
eta_lat_m55p389462_lon_p144p989563.npy,-55.389462,144.989563,105,126,winter,21,0.17729419822755613
eta_lat_m68p928383_lon_m173p010422.npy,-68.928383,-173.010422,105,126,winter,21,1.724255919456482
eta_lat_m16p395037_lon_p102p989594.npy,-16.395037,102.989594,126,147,winter,21,0.21497043575111188
eta_lat_m48p374134_lon_m131p010422.npy,-48.374134,-131.010422,189,210,winter,21,0.13225093131002627
eta_lat_p11p027672_lon_m143p010422.npy,11.027672,-143.010422,105,126,winter,21,0.1602871182717775
eta_lat_m40p414062_lon_p102p989594.npy,-40.414062,102.989594,126,147,winter,21,0.14395204186439514
eta_lat_p16p395037_lon_m53p010422.npy,16.395037,-53.010422,147,168,winter,21,0.1713898046628425
eta_lat_m66p662788_lon_m29p010422.npy,-66.662788,-29.010422,189,210,winter,21,0.6934331451591692
eta_lat_m55p400803_lon_p78p989594.npy,-55.400803,78.989594,105,126,winter,21,0.15974589437246323
eta_lat_m21p610189_lon_p78p989594.npy,-21.610189,78.989594,147,168,winter,21,0.11961950636223743
eta_lat_m72p830154_lon_m142p626068.npy,-72.830154,-142.626068,105,126,winter,21,1.786561407540974
eta_lat_m11p027672_lon_p6p989578.npy,-11.027672,6.989578,168,189,winter,21,0.13521101600245425
eta_lat_m64p202515_lon_p144p989563.npy,-64.202515,144.989563,147,168,winter,21,0.18967043882922122
eta_lat_m36p058659_lon_m41p010422.npy,-36.058659,-41.010422,168,189,winter,21,0.12486585739411805
eta_lat_m61p508057_lon_m29p010422.npy,-61.508057,-29.010422,168,189,winter,21,0.11672681364181794
eta_lat_m21p610189_lon_m95p010414.npy,-21.610189,-95.010414,105,126,winter,21,0.13240870715756164
eta_lat_m52p006847_lon_m113p010414.npy,-52.006847,-113.010414,126,147,winter,21,0.21005645904101825
eta_lat_m55p389462_lon_m125p010414.npy,-55.389462,-125.010414,168,189,winter,21,0.6608235836029053
eta_lat_p36p058659_lon_p168p989563.npy,36.058659,168.989563,189,210,winter,21,0.35871150383823797
eta_lat_p16p395037_lon_m149p010422.npy,16.395037,-149.010422,189,210,winter,21,0.14833495177720724
eta_lat_p16p395037_lon_m35p010422.npy,16.395037,-35.010422,105,126,winter,21,0.22203345400722405
eta_lat_m36p058659_lon_m155p010422.npy,-36.058659,-155.010422,126,147,winter,21,0.1263190449068421
eta_lat_m66p662788_lon_m119p010414.npy,-66.662788,-119.010414,189,210,winter,21,0.14585807311691737
eta_lat_m44p523903_lon_m119p010414.npy,-44.523903,-119.010414,126,147,winter,21,0.10515123390053448
eta_lat_m11p027672_lon_m107p010414.npy,-11.027672,-107.010414,168,189,winter,21,0.18137975586088081
eta_lat_m55p389462_lon_p174p989563.npy,-55.389462,174.989563,168,189,winter,21,0.5262796486678877
eta_lat_m61p508057_lon_p24p989578.npy,-61.508057,24.989578,105,126,winter,21,0.267076166836839
eta_lat_m55p389462_lon_m23p010422.npy,-55.389462,-23.010422,126,147,winter,21,0.1927151985858616
eta_lat_p58p499409_lon_m52p959564.npy,58.499409,-52.959564,126,147,winter,21,0.3442253839028509
eta_lat_m73p118896_lon_m154p539932.npy,-73.118896,-154.539932,105,126,winter,21,1.2264660283138877
eta_lat_m26p641497_lon_p6p989578.npy,-26.641497,6.989578,168,189,winter,21,0.11564060496656518
eta_lat_m31p463802_lon_m173p010422.npy,-31.463802,-173.010422,147,168,winter,21,0.12725734279343956
eta_lat_m64p202515_lon_p66p989594.npy,-64.202515,66.989594,168,189,winter,21,0.11795682930632641
eta_lat_m66p662788_lon_p24p989578.npy,-66.662788,24.989578,147,168,winter,21,0.14856708304662453
eta_lat_m61p508057_lon_m113p010414.npy,-61.508057,-113.010414,189,210,winter,21,0.29459403455257416
eta_lat_p65p913406_lon_m30p464722.npy,65.913406,-30.464722,126,147,winter,21,1.9104990896425749
eta_lat_m71p250717_lon_m47p040466.npy,-71.250717,-47.040466,147,168,winter,21,0.8889601575700861
eta_lat_m52p006847_lon_p30p989578.npy,-52.006847,30.989578,126,147,winter,21,0.6497317583937394
eta_lat_m64p202515_lon_p162p989563.npy,-64.202515,162.989563,168,189,winter,21,0.11533100765786673
eta_lat_p26p641497_lon_m143p010422.npy,26.641497,-143.010422,126,147,winter,21,0.12132062096344798
eta_lat_m44p523903_lon_p108p989594.npy,-44.523903,108.989594,189,210,winter,21,0.6386472033826929
eta_lat_m26p641497_lon_m137p010422.npy,-26.641497,-137.010422,168,189,winter,21,0.15715195866007553
eta_lat_p11p027672_lon_m101p010414.npy,11.027672,-101.010414,105,126,winter,21,0.32502492321164983
eta_lat_m66p662788_lon_m113p010414.npy,-66.662788,-113.010414,189,210,winter,21,0.11259832448865238
eta_lat_m61p508057_lon_m155p010422.npy,-61.508057,-155.010422,147,168,winter,21,0.1861136759582319
eta_lat_m55p400803_lon_m167p010422.npy,-55.400803,-167.010422,189,210,winter,21,0.21866752834696518
eta_lat_m40p414062_lon_m41p010422.npy,-40.414062,-41.010422,168,189,winter,21,0.7569106142771872
eta_lat_m76p178772_lon_m41p740692.npy,-76.178772,-41.740692,147,168,winter,21,0.8414930011096754
eta_lat_m51p994694_lon_p18p989578.npy,-51.994694,18.989578,168,189,winter,21,0.1693906929147871
eta_lat_p40p414062_lon_m17p010422.npy,40.414062,-17.010422,105,126,winter,21,0.20368475898316032
eta_lat_m66p662788_lon_m167p010422.npy,-66.662788,-167.010422,147,168,winter,21,0.1857430676096364
eta_lat_m71p011032_lon_m148p947784.npy,-71.011032,-148.947784,105,126,winter,21,0.4508393406867981
eta_lat_m73p621971_lon_m53p396431.npy,-73.621971,-53.396431,168,189,winter,21,0.8982660644932797
eta_lat_m40p414062_lon_m101p010414.npy,-40.414062,-101.010414,147,168,winter,21,0.11352085498602767
eta_lat_m48p374134_lon_p108p989594.npy,-48.374134,108.989594,126,147,winter,21,0.3671274332231597
eta_lat_p5p545479_lon_p54p989578.npy,5.545479,54.989578,168,189,winter,21,0.2648088430103503
eta_lat_m0p009682_lon_p78p989594.npy,-0.009682,78.989594,105,126,winter,21,0.21799809760168978
eta_lat_m51p994694_lon_m53p010422.npy,-51.994694,-53.010422,126,147,winter,21,0.3127817876244846
eta_lat_p36p058659_lon_p174p989563.npy,36.058659,174.989563,189,210,winter,21,0.3187384236800043
eta_lat_m11p027672_lon_m101p010414.npy,-11.027672,-101.010414,189,210,winter,21,0.1714601257913991
eta_lat_m36p058659_lon_p84p989594.npy,-36.058659,84.989594,105,126,winter,21,0.12419593491052326
eta_lat_p51p994694_lon_m137p010422.npy,51.994694,-137.010422,168,189,winter,21,0.18919978957427175
eta_lat_p0p009682_lon_m137p010422.npy,0.009682,-137.010422,126,147,winter,21,0.16283024769080312
eta_lat_m36p058659_lon_m23p010422.npy,-36.058659,-23.010422,168,189,winter,21,0.1379629671573639
eta_lat_m48p374134_lon_p156p989563.npy,-48.374134,156.989563,147,168,winter,21,0.2442685197058477
eta_lat_m11p027672_lon_p66p989594.npy,-11.027672,66.989594,168,189,winter,21,0.19127003691698374
eta_lat_m52p006847_lon_p6p989578.npy,-52.006847,6.989578,168,189,winter,21,0.3278616094275525
eta_lat_m51p994694_lon_p138p989563.npy,-51.994694,138.989563,189,210,winter,21,0.2607146658395466
eta_lat_m68p928383_lon_m95p010414.npy,-68.928383,-95.010414,126,147,winter,21,0.974907282151674
eta_lat_p58p499409_lon_m23p040436.npy,58.499409,-23.040436,147,168,winter,21,0.44478618235964523
eta_lat_m44p523903_lon_m119p010414.npy,-44.523903,-119.010414,168,189,winter,21,0.09922641202023155
eta_lat_m48p374134_lon_p174p989563.npy,-48.374134,174.989563,126,147,winter,21,0.38221796170661326
eta_lat_m40p414062_lon_p162p989563.npy,-40.414062,162.989563,105,126,winter,21,0.18011811846180967
eta_lat_p55p389462_lon_m23p010422.npy,55.389462,-23.010422,168,189,winter,21,0.24821669137791583
eta_lat_m58p574665_lon_p126p989594.npy,-58.574665,126.989594,147,168,winter,21,0.810917414332691
eta_lat_m44p523903_lon_m29p010422.npy,-44.523903,-29.010422,105,126,winter,21,0.22675219825223872
eta_lat_m36p058659_lon_m167p010422.npy,-36.058659,-167.010422,105,126,winter,21,0.12041432234017473
eta_lat_m55p400803_lon_m131p010422.npy,-55.400803,-131.010422,189,210,winter,21,0.48946905214535563
eta_lat_m16p395037_lon_m29p010422.npy,-16.395037,-29.010422,168,189,winter,21,0.15240723404445147
eta_lat_m5p545479_lon_m23p010422.npy,-5.545479,-23.010422,168,189,winter,21,0.15763103334527268
eta_lat_p48p374134_lon_m155p010422.npy,48.374134,-155.010422,168,189,winter,21,0.15818621512306363
eta_lat_p36p058659_lon_p144p989563.npy,36.058659,144.989563,147,168,winter,21,1.0253194899935472
eta_lat_m31p463802_lon_m125p010414.npy,-31.463802,-125.010414,168,189,winter,21,0.135251789108703
eta_lat_p36p058659_lon_p162p989563.npy,36.058659,162.989563,189,210,winter,21,0.3181811555435783
eta_lat_m11p027672_lon_m131p010422.npy,-11.027672,-131.010422,189,210,winter,21,0.14551457684291036
eta_lat_m36p058659_lon_m143p010422.npy,-36.058659,-143.010422,126,147,winter,21,0.11227880771222867
eta_lat_m40p414062_lon_m35p010422.npy,-40.414062,-35.010422,126,147,winter,21,0.1518540594138597
eta_lat_p31p463802_lon_m41p010422.npy,31.463802,-41.010422,147,168,winter,21,0.14723357558250427
eta_lat_p21p610189_lon_m65p010414.npy,21.610189,-65.010414,168,189,winter,21,0.1437748505880958
eta_lat_m61p508057_lon_m155p010422.npy,-61.508057,-155.010422,168,189,winter,21,0.24090471118688583
eta_lat_m51p994694_lon_m113p010414.npy,-51.994694,-113.010414,147,168,winter,21,0.22406866205366036
eta_lat_m44p523903_lon_p138p989563.npy,-44.523903,138.989563,168,189,winter,21,0.18299421197489688
eta_lat_p0p009682_lon_m131p010422.npy,0.009682,-131.010422,189,210,winter,21,0.14458034579691134
eta_lat_p51p994694_lon_m29p010422.npy,51.994694,-29.010422,147,168,winter,21,0.2742365794746499
eta_lat_p21p610189_lon_p126p989594.npy,21.610189,126.989594,168,189,winter,21,0.2859972915367076
eta_lat_m55p400803_lon_p150p989563.npy,-55.400803,150.989563,147,168,winter,21,0.9265894623179185
eta_lat_m51p994694_lon_p114p989594.npy,-51.994694,114.989594,105,126,winter,21,0.22215791772070684
eta_lat_m68p928383_lon_m11p010422.npy,-68.928383,-11.010422,126,147,winter,21,0.9440997776232267
eta_lat_m51p994694_lon_p60p989578.npy,-51.994694,60.989578,105,126,winter,21,0.15102463999861165
eta_lat_m66p662788_lon_m41p010422.npy,-66.662788,-41.010422,168,189,winter,21,0.6184437698439548
eta_lat_m44p523903_lon_p24p989578.npy,-44.523903,24.989578,189,210,winter,21,0.6503544183153855
eta_lat_p0p009682_lon_p162p989563.npy,0.009682,162.989563,189,210,winter,21,0.19011529417414413
eta_lat_p44p523903_lon_p168p989563.npy,44.523903,168.989563,168,189,winter,21,0.15079311752005628
eta_lat_m64p202515_lon_m17p010422.npy,-64.202515,-17.010422,168,189,winter,21,0.5157456272526791
eta_lat_m61p508057_lon_p18p989578.npy,-61.508057,18.989578,126,147,winter,21,0.14387609535141996
eta_lat_p31p463802_lon_m47p010422.npy,31.463802,-47.010422,105,126,winter,21,0.12629471013420507
eta_lat_p51p994694_lon_m17p010422.npy,51.994694,-17.010422,189,210,winter,21,0.3600267391455801
eta_lat_p58p392208_lon_m35p018463.npy,58.392208,-35.018463,168,189,winter,21,0.2915224621170445
eta_lat_p40p414062_lon_m173p010422.npy,40.414062,-173.010422,105,126,winter,21,0.14289903542713114
eta_lat_m21p610189_lon_p72p989594.npy,-21.610189,72.989594,168,189,winter,21,0.13818557168308057
eta_lat_m68p928383_lon_m59p010422.npy,-68.928383,-59.010422,189,210,winter,21,0.9746235420829371
eta_lat_m26p641497_lon_p78p989594.npy,-26.641497,78.989594,189,210,winter,21,0.11831975414564735
eta_lat_m51p994694_lon_p138p989563.npy,-51.994694,138.989563,168,189,winter,21,0.1730822179662554
eta_lat_p31p463802_lon_m41p010422.npy,31.463802,-41.010422,105,126,winter,21,0.19227253528017746
eta_lat_m5p545479_lon_m167p010422.npy,-5.545479,-167.010422,147,168,winter,21,0.17585139564777674
eta_lat_m51p994694_lon_m17p010422.npy,-51.994694,-17.010422,105,126,winter,21,0.17833181843161583
eta_lat_p11p027672_lon_m53p010422.npy,11.027672,-53.010422,105,126,winter,21,0.28833723068237305
eta_lat_m64p202515_lon_p6p989578.npy,-64.202515,6.989578,147,168,winter,21,0.17384421825408936
eta_lat_m64p202515_lon_p18p989578.npy,-64.202515,18.989578,189,210,winter,21,0.08591380578122641
eta_lat_m73p720367_lon_m47p316681.npy,-73.720367,-47.316681,126,147,winter,21,0.6411091591182508
eta_lat_m31p463802_lon_p60p989578.npy,-31.463802,60.989578,168,189,winter,21,0.1445306080736612
eta_lat_m58p574665_lon_m155p010422.npy,-58.574665,-155.010422,105,126,winter,21,0.21833293649711108
eta_lat_m51p994694_lon_p6p989578.npy,-51.994694,6.989578,126,147,winter,21,0.3031613862043933
eta_lat_p16p395037_lon_p138p989563.npy,16.395037,138.989563,168,189,winter,21,0.26051961356087733
eta_lat_m48p374134_lon_p42p989578.npy,-48.374134,42.989578,126,147,winter,21,0.28322611827599375
eta_lat_m26p641497_lon_m119p010414.npy,-26.641497,-119.010414,168,189,winter,21,0.11855337533511613
eta_lat_m66p662788_lon_p18p989578.npy,-66.662788,18.989578,168,189,winter,21,0.27671190312034205
eta_lat_m58p574665_lon_p30p989578.npy,-58.574665,30.989578,168,189,winter,21,0.20095683398999667
eta_lat_p48p374134_lon_m173p010422.npy,48.374134,-173.010422,126,147,winter,21,0.18109886073752454
eta_lat_m26p641497_lon_m167p010422.npy,-26.641497,-167.010422,168,189,winter,21,0.13691252195521406
eta_lat_p31p463802_lon_p162p989563.npy,31.463802,162.989563,126,147,winter,21,0.16034478811841263
eta_lat_m5p545479_lon_m131p010422.npy,-5.545479,-131.010422,126,147,winter,21,0.151816263794899
eta_lat_m40p414062_lon_m173p010422.npy,-40.414062,-173.010422,147,168,winter,21,0.16452571867327942
eta_lat_m48p374134_lon_p60p989578.npy,-48.374134,60.989578,126,147,winter,21,0.13032301123204984
eta_lat_m16p395037_lon_m119p010414.npy,-16.395037,-119.010414,126,147,winter,21,0.12078363879730827
eta_lat_m61p508057_lon_p60p989578.npy,-61.508057,60.989578,189,210,winter,21,0.1161877648218682
eta_lat_m36p058659_lon_m35p010422.npy,-36.058659,-35.010422,105,126,winter,21,0.15995450259039276
eta_lat_p36p058659_lon_m155p010422.npy,36.058659,-155.010422,126,147,winter,21,0.11171588693794451
eta_lat_p0p009682_lon_m119p010414.npy,0.009682,-119.010414,147,168,winter,21,0.16913806490207972
eta_lat_m31p463802_lon_m155p010422.npy,-31.463802,-155.010422,168,189,winter,21,0.12717602872534803
eta_lat_m26p641497_lon_p84p989594.npy,-26.641497,84.989594,168,189,winter,21,0.12010716705730087
eta_lat_m55p400803_lon_m95p010414.npy,-55.400803,-95.010414,147,168,winter,21,0.23908522881959615
eta_lat_m48p374134_lon_m53p010422.npy,-48.374134,-53.010422,189,210,winter,21,0.4524805671290347
eta_lat_m40p414062_lon_p12p989578.npy,-40.414062,12.989578,189,210,winter,21,0.3137042404789674
eta_lat_m36p058659_lon_m131p010422.npy,-36.058659,-131.010422,126,147,winter,21,0.11755047267989109
eta_lat_m36p058659_lon_m137p010422.npy,-36.058659,-137.010422,147,168,winter,21,0.12484820441980111
eta_lat_m64p202515_lon_p0p989578.npy,-64.202515,0.989578,126,147,winter,21,0.3762859874650052
eta_lat_m64p202515_lon_m131p010422.npy,-64.202515,-131.010422,105,126,winter,21,0.3093355294120939
eta_lat_m58p574665_lon_m65p010414.npy,-58.574665,-65.010414,126,147,winter,21,0.5705401622935345
eta_lat_m58p574665_lon_p24p989578.npy,-58.574665,24.989578,168,189,winter,21,0.25778172674931976
eta_lat_m58p574665_lon_m101p010414.npy,-58.574665,-101.010414,189,210,winter,21,0.32827664245116084
eta_lat_p48p374134_lon_m35p010422.npy,48.374134,-35.010422,126,147,winter,21,0.19272903235335098
eta_lat_m48p374134_lon_m101p010414.npy,-48.374134,-101.010414,105,126,winter,21,0.12712483186470835
eta_lat_m55p389462_lon_p12p989578.npy,-55.389462,12.989578,168,189,winter,21,0.1346988666214441
eta_lat_m61p508057_lon_p138p989563.npy,-61.508057,138.989563,105,126,winter,21,0.399883974931742
eta_lat_m61p508057_lon_m131p010422.npy,-61.508057,-131.010422,105,126,winter,21,0.1559085100889206
eta_lat_m48p374134_lon_p102p989594.npy,-48.374134,102.989594,168,189,winter,21,0.23537136653536245
eta_lat_m55p400803_lon_p114p989594.npy,-55.400803,114.989594,126,147,winter,21,0.12260832029737924
eta_lat_m64p202515_lon_m101p010414.npy,-64.202515,-101.010414,168,189,winter,21,0.18394931660670982
eta_lat_m55p400803_lon_m143p010422.npy,-55.400803,-143.010422,126,147,winter,21,0.21681502147724754
eta_lat_m71p216316_lon_m53p046265.npy,-71.216316,-53.046265,147,168,winter,21,0.9501858573210867
eta_lat_m44p523903_lon_m5p010422.npy,-44.523903,-5.010422,105,126,winter,21,0.1284004610620047
eta_lat_m51p994694_lon_p0p989578.npy,-51.994694,0.989578,189,210,winter,21,0.12719504378343882
eta_lat_m61p508057_lon_p66p989594.npy,-61.508057,66.989594,126,147,winter,21,0.2538872710184047
eta_lat_m44p523903_lon_m161p010422.npy,-44.523903,-161.010422,105,126,winter,21,0.08860581407421514
eta_lat_p5p545479_lon_m125p010414.npy,5.545479,-125.010414,126,147,winter,21,0.15323218311134137
eta_lat_m61p508057_lon_p36p989578.npy,-61.508057,36.989578,126,147,winter,21,0.13027573886670565
eta_lat_m61p508057_lon_p138p989563.npy,-61.508057,138.989563,168,189,winter,21,0.3012664035746926
eta_lat_p44p523903_lon_m29p010422.npy,44.523903,-29.010422,168,189,winter,21,0.24215834470171677
eta_lat_m51p994694_lon_m113p010414.npy,-51.994694,-113.010414,126,147,winter,21,0.1929405962950305
eta_lat_m64p202515_lon_p18p989578.npy,-64.202515,18.989578,168,189,winter,21,0.07332311119688184
eta_lat_m58p574665_lon_p114p989594.npy,-58.574665,114.989594,189,210,winter,21,0.2185586188968859
eta_lat_m48p374134_lon_m173p010422.npy,-48.374134,-173.010422,105,126,winter,21,0.3062079854701695
eta_lat_m52p006847_lon_p30p989578.npy,-52.006847,30.989578,189,210,winter,21,0.32911850747309235
eta_lat_m61p508057_lon_m35p010422.npy,-61.508057,-35.010422,189,210,winter,21,0.38357036796055344
eta_lat_m26p641497_lon_p174p989563.npy,-26.641497,174.989563,126,147,winter,21,0.24803113976591512
eta_lat_m55p389462_lon_p90p989594.npy,-55.389462,90.989594,126,147,winter,21,1.2112348769840442
eta_lat_m44p523903_lon_m167p010422.npy,-44.523903,-167.010422,168,189,winter,21,0.1371440324736269
eta_lat_m55p389462_lon_p84p989594.npy,-55.389462,84.989594,126,147,winter,21,0.7355519690011677
eta_lat_p11p027672_lon_m155p010422.npy,11.027672,-155.010422,105,126,winter,21,0.16532206143203534
eta_lat_m55p400803_lon_m119p010414.npy,-55.400803,-119.010414,126,147,winter,21,0.575493933338868
eta_lat_p40p414062_lon_p162p989563.npy,40.414062,162.989563,126,147,winter,21,0.17118746355960243
eta_lat_m16p395037_lon_p72p989594.npy,-16.395037,72.989594,189,210,winter,21,0.13050822247015803
eta_lat_p16p395037_lon_m131p010422.npy,16.395037,-131.010422,147,168,winter,21,0.16247452246515373
eta_lat_p11p027672_lon_m35p010422.npy,11.027672,-35.010422,189,210,winter,21,0.1882388901553656
eta_lat_p21p610189_lon_m119p010414.npy,21.610189,-119.010414,126,147,winter,21,0.13144458555861524
eta_lat_m55p389462_lon_m155p010422.npy,-55.389462,-155.010422,189,210,winter,21,0.15808478370308876
eta_lat_m61p508057_lon_p72p989594.npy,-61.508057,72.989594,168,189,winter,21,0.112900352791736
eta_lat_m68p928383_lon_p174p989563.npy,-68.928383,174.989563,147,168,winter,21,0.16580746891467193
eta_lat_p48p374134_lon_m167p010422.npy,48.374134,-167.010422,147,168,winter,21,0.16181341166559018
eta_lat_p31p463802_lon_p174p989563.npy,31.463802,174.989563,126,147,winter,21,0.12077654270749343
eta_lat_p48p374134_lon_m143p010422.npy,48.374134,-143.010422,147,168,winter,21,0.212125476449728
eta_lat_m31p463802_lon_m167p010422.npy,-31.463802,-167.010422,168,189,winter,21,0.12047009797472703
eta_lat_m51p994694_lon_m119p010414.npy,-51.994694,-119.010414,126,147,winter,21,0.21087196234025454
eta_lat_m44p523903_lon_m29p010422.npy,-44.523903,-29.010422,189,210,winter,21,0.16829908443124672
eta_lat_p55p389462_lon_p174p989563.npy,55.389462,174.989563,189,210,winter,21,0.12383058314260684
eta_lat_p31p463802_lon_m167p010422.npy,31.463802,-167.010422,105,126,winter,21,0.1478787511587143
eta_lat_m40p414062_lon_m113p010414.npy,-40.414062,-113.010414,168,189,winter,21,0.11215501709988243
eta_lat_m26p641497_lon_m11p010422.npy,-26.641497,-11.010422,168,189,winter,21,0.1877998356756411
eta_lat_m52p006847_lon_m173p010422.npy,-52.006847,-173.010422,168,189,winter,21,0.4725765719225532
eta_lat_m51p994694_lon_p12p989578.npy,-51.994694,12.989578,126,147,winter,21,0.18173193264948695
eta_lat_m61p508057_lon_p84p989594.npy,-61.508057,84.989594,105,126,winter,21,0.2547777428438789
eta_lat_m36p058659_lon_p12p989578.npy,-36.058659,12.989578,105,126,winter,21,0.298127324173325
eta_lat_m36p058659_lon_m167p010422.npy,-36.058659,-167.010422,147,168,winter,21,0.11871312872359627
eta_lat_m55p389462_lon_p24p989578.npy,-55.389462,24.989578,126,147,winter,21,0.13008108813511698
eta_lat_m48p374134_lon_p150p989563.npy,-48.374134,150.989563,189,210,winter,21,0.41629448807553243
eta_lat_m64p202515_lon_p24p989578.npy,-64.202515,24.989578,105,126,winter,21,0.2294902707401075
eta_lat_m52p006847_lon_m95p010414.npy,-52.006847,-95.010414,168,189,winter,21,0.14550508529339967
eta_lat_m48p374134_lon_m5p010422.npy,-48.374134,-5.010422,147,168,winter,21,0.22212826342959152
eta_lat_m40p414062_lon_p96p989594.npy,-40.414062,96.989594,105,126,winter,21,0.12794155509848343
eta_lat_m21p610189_lon_m17p010422.npy,-21.610189,-17.010422,168,189,winter,21,0.20339671404738174
eta_lat_p31p463802_lon_m35p010422.npy,31.463802,-35.010422,189,210,winter,21,0.16516352562527908
eta_lat_m5p545479_lon_m95p010414.npy,-5.545479,-95.010414,126,147,winter,21,0.25227049267605733
eta_lat_m55p400803_lon_m161p010422.npy,-55.400803,-161.010422,168,189,winter,21,0.21047133677884153
eta_lat_m40p414062_lon_m95p010414.npy,-40.414062,-95.010414,189,210,winter,21,0.14493576535268834
eta_lat_m52p006847_lon_p18p989578.npy,-52.006847,18.989578,147,168,winter,21,0.18991498688333913
eta_lat_m51p994694_lon_m155p010422.npy,-51.994694,-155.010422,147,168,winter,21,0.19567564247470154
eta_lat_m61p508057_lon_p150p989563.npy,-61.508057,150.989563,147,168,winter,21,0.2128127487866502
eta_lat_p55p389462_lon_m41p010422.npy,55.389462,-41.010422,126,147,winter,21,0.21362212888504328
eta_lat_p44p523903_lon_m17p010422.npy,44.523903,-17.010422,105,126,winter,21,0.2437313724505274
eta_lat_m40p414062_lon_m107p010414.npy,-40.414062,-107.010414,126,147,winter,21,0.11034280571498369
eta_lat_m64p202515_lon_m143p010422.npy,-64.202515,-143.010422,147,168,winter,21,0.12346521392464638
eta_lat_m64p202515_lon_m47p010422.npy,-64.202515,-47.010422,189,210,winter,21,0.8944226173978103
eta_lat_p0p009682_lon_m101p010414.npy,0.009682,-101.010414,189,210,winter,21,0.29208395120344666
eta_lat_m55p389462_lon_m167p010422.npy,-55.389462,-167.010422,105,126,winter,21,0.2656698285749084
eta_lat_m31p463802_lon_p162p989563.npy,-31.463802,162.989563,105,126,winter,21,0.418521092126244
eta_lat_m44p523903_lon_p96p989594.npy,-44.523903,96.989594,147,168,winter,21,0.31149447277972575
eta_lat_m48p374134_lon_p108p989594.npy,-48.374134,108.989594,189,210,winter,21,0.22103210734693626
eta_lat_m48p374134_lon_p84p989594.npy,-48.374134,84.989594,126,147,winter,21,0.889119090218293
eta_lat_m55p400803_lon_m119p010414.npy,-55.400803,-119.010414,105,126,winter,21,0.3650916046217868
eta_lat_m48p374134_lon_m89p010414.npy,-48.374134,-89.010414,168,189,winter,21,0.1554035567923596
eta_lat_m51p994694_lon_p36p989578.npy,-51.994694,36.989578,105,126,winter,21,0.18187149692522853
eta_lat_m40p414062_lon_p42p989578.npy,-40.414062,42.989578,126,147,winter,21,0.3009322458191922
eta_lat_m26p641497_lon_p60p989578.npy,-26.641497,60.989578,168,189,winter,21,0.14530391167653234
eta_lat_p44p523903_lon_m137p010422.npy,44.523903,-137.010422,168,189,winter,21,0.1959378417385252
eta_lat_m64p202515_lon_p126p989594.npy,-64.202515,126.989594,147,168,winter,21,0.16134736922226453
eta_lat_m52p006847_lon_p24p989578.npy,-52.006847,24.989578,147,168,winter,21,0.43929630361105265
eta_lat_m55p400803_lon_m173p010422.npy,-55.400803,-173.010422,168,189,winter,21,0.3545947976802525
eta_lat_m5p545479_lon_m5p010422.npy,-5.545479,-5.010422,105,126,winter,21,0.18371059471055082
eta_lat_m16p395037_lon_m89p010414.npy,-16.395037,-89.010414,147,168,winter,21,0.14636210548250297
eta_lat_m48p374134_lon_p132p989563.npy,-48.374134,132.989563,189,210,winter,21,0.6668262246407961
eta_lat_m40p414062_lon_m101p010414.npy,-40.414062,-101.010414,189,210,winter,21,0.14042272085421964
eta_lat_p51p994694_lon_m137p010422.npy,51.994694,-137.010422,126,147,winter,21,0.2200910558826045
eta_lat_p26p641497_lon_m131p010422.npy,26.641497,-131.010422,168,189,winter,21,0.16000629647781975
eta_lat_m26p641497_lon_p102p989594.npy,-26.641497,102.989594,105,126,winter,21,0.25812863872239467
eta_lat_m55p389462_lon_p150p989563.npy,-55.389462,150.989563,189,210,winter,21,1.1077013596108085
eta_lat_m64p202515_lon_p162p989563.npy,-64.202515,162.989563,189,210,winter,21,0.12374544369154855
eta_lat_m61p508057_lon_p90p989594.npy,-61.508057,90.989594,147,168,winter,21,0.5565327068692759
eta_lat_p48p374134_lon_m149p010422.npy,48.374134,-149.010422,126,147,winter,21,0.2295088932702416
eta_lat_m61p508057_lon_m125p010414.npy,-61.508057,-125.010414,168,189,winter,21,0.2243630364537239
eta_lat_m55p400803_lon_p60p989578.npy,-55.400803,60.989578,168,189,winter,21,0.15073514572883906
eta_lat_m64p202515_lon_p72p989594.npy,-64.202515,72.989594,168,189,winter,21,0.12252621117391084
eta_lat_m31p463802_lon_p102p989594.npy,-31.463802,102.989594,189,210,winter,21,0.21398600975149557
eta_lat_m11p027672_lon_m89p010414.npy,-11.027672,-89.010414,189,210,winter,21,0.20765097517716258
eta_lat_m44p523903_lon_p102p989594.npy,-44.523903,102.989594,189,210,winter,21,0.40211744057504756
eta_lat_m5p545479_lon_p78p989594.npy,-5.545479,78.989594,168,189,winter,21,0.18000957801153786
eta_lat_m55p400803_lon_p30p989578.npy,-55.400803,30.989578,168,189,winter,21,0.2675431755028273
eta_lat_p44p523903_lon_m149p010422.npy,44.523903,-149.010422,147,168,winter,21,0.16439785651470484
eta_lat_m61p508057_lon_m17p010422.npy,-61.508057,-17.010422,105,126,winter,21,0.617403529192272
eta_lat_m52p006847_lon_p12p989578.npy,-52.006847,12.989578,147,168,winter,21,0.1997542644017621
eta_lat_m61p508057_lon_p132p989563.npy,-61.508057,132.989563,105,126,winter,21,0.30481665895173427
eta_lat_m55p389462_lon_p84p989594.npy,-55.389462,84.989594,168,189,winter,21,0.4477258065813466
eta_lat_m52p006847_lon_p138p989563.npy,-52.006847,138.989563,189,210,winter,21,0.26543786533569036
eta_lat_m31p463802_lon_m131p010422.npy,-31.463802,-131.010422,168,189,winter,21,0.14420485692588905
eta_lat_m11p027672_lon_p72p989594.npy,-11.027672,72.989594,168,189,winter,21,0.14638194637863258
eta_lat_m64p202515_lon_p120p989594.npy,-64.202515,120.989594,147,168,winter,21,0.17575277348882273
eta_lat_m71p317345_lon_m23p007370.npy,-71.317345,-23.00737,126,147,winter,21,1.707473475682108
eta_lat_m58p574665_lon_p48p989578.npy,-58.574665,48.989578,147,168,winter,21,0.16926850927503487
eta_lat_p16p395037_lon_m35p010422.npy,16.395037,-35.010422,168,189,winter,21,0.17288001391448474
eta_lat_p16p395037_lon_m29p010422.npy,16.395037,-29.010422,189,210,winter,21,0.1914421449366369
eta_lat_p31p463802_lon_m125p010414.npy,31.463802,-125.010414,105,126,winter,21,0.20769088754528447
eta_lat_m52p006847_lon_p60p989578.npy,-52.006847,60.989578,126,147,winter,21,0.13176290102695165
eta_lat_m64p202515_lon_p12p989578.npy,-64.202515,12.989578,147,168,winter,21,0.17823947103399979
eta_lat_m36p058659_lon_m41p010422.npy,-36.058659,-41.010422,126,147,winter,21,0.2780216995038484
eta_lat_m68p928383_lon_m137p010422.npy,-68.928383,-137.010422,147,168,winter,21,0.11689209467486332
eta_lat_m31p463802_lon_m149p010422.npy,-31.463802,-149.010422,168,189,winter,21,0.13750411099509188
eta_lat_m21p610189_lon_p102p989594.npy,-21.610189,102.989594,126,147,winter,21,0.25118812016750636
eta_lat_m31p463802_lon_p60p989578.npy,-31.463802,60.989578,189,210,winter,21,0.16541387532886706
eta_lat_m52p006847_lon_m5p010422.npy,-52.006847,-5.010422,147,168,winter,21,0.101181854542933
eta_lat_m55p389462_lon_p42p989578.npy,-55.389462,42.989578,147,168,winter,21,0.3253458373640713
eta_lat_p11p027672_lon_p156p989563.npy,11.027672,156.989563,189,210,winter,21,0.27056407928466797
eta_lat_m66p662788_lon_m173p010422.npy,-66.662788,-173.010422,105,126,winter,21,0.3408212938198918
eta_lat_m75p785980_lon_m171p738495.npy,-75.78598,-171.738495,126,147,winter,21,3.035883257263585
eta_lat_m58p574665_lon_p12p989578.npy,-58.574665,12.989578,168,189,winter,21,0.09971471522983752
eta_lat_m64p202515_lon_m143p010422.npy,-64.202515,-143.010422,126,147,winter,21,0.2631686976865718
eta_lat_m36p058659_lon_m143p010422.npy,-36.058659,-143.010422,168,189,winter,21,0.11908703728726036
eta_lat_m44p523903_lon_m107p010414.npy,-44.523903,-107.010414,189,210,winter,21,0.12677724384947828
eta_lat_p5p545479_lon_m23p010422.npy,5.545479,-23.010422,126,147,winter,21,0.1901672302108062
eta_lat_m55p400803_lon_p42p989578.npy,-55.400803,42.989578,147,168,winter,21,0.33134018472935023
eta_lat_m64p202515_lon_p60p989578.npy,-64.202515,60.989578,189,210,winter,21,0.20668201501432218
eta_lat_m26p641497_lon_p54p989578.npy,-26.641497,54.989578,168,189,winter,21,0.181921308370013
eta_lat_m44p523903_lon_p42p989578.npy,-44.523903,42.989578,126,147,winter,21,0.15263940001788892
eta_lat_m51p994694_lon_m11p010422.npy,-51.994694,-11.010422,105,126,winter,21,0.10972706855911958
eta_lat_m55p400803_lon_m83p010414.npy,-55.400803,-83.010414,105,126,winter,21,0.13064453319499367
eta_lat_m55p400803_lon_p102p989594.npy,-55.400803,102.989594,168,189,winter,21,0.4577675763713686
eta_lat_m5p545479_lon_m119p010414.npy,-5.545479,-119.010414,189,210,winter,21,0.1626618182972858
eta_lat_m55p400803_lon_p66p989594.npy,-55.400803,66.989594,126,147,winter,21,0.1565190567389915
eta_lat_m52p006847_lon_m47p010422.npy,-52.006847,-47.010422,126,147,winter,21,0.416751462378
eta_lat_m51p994694_lon_p114p989594.npy,-51.994694,114.989594,126,147,winter,21,0.16630285645001813
eta_lat_p58p669430_lon_p174p969116.npy,58.66943,174.969116,189,210,winter,21,0.13512696796341947
eta_lat_m58p574665_lon_p102p989594.npy,-58.574665,102.989594,147,168,winter,21,0.20343654955688276
eta_lat_p36p058659_lon_m149p010422.npy,36.058659,-149.010422,105,126,winter,21,0.13903453906900004
eta_lat_m51p994694_lon_m95p010414.npy,-51.994694,-95.010414,105,126,winter,21,0.11823326153190512
eta_lat_p5p545479_lon_m29p010422.npy,5.545479,-29.010422,105,126,winter,21,0.1820202077689924
eta_lat_m70p821320_lon_m118p983330.npy,-70.82132,-118.98333,189,210,winter,21,0.4107865738241296
eta_lat_m11p027672_lon_p6p989578.npy,-11.027672,6.989578,126,147,winter,21,0.13838653148789154
eta_lat_m31p463802_lon_p108p989594.npy,-31.463802,108.989594,168,189,winter,21,0.22506937541459737
eta_lat_m31p463802_lon_p54p989578.npy,-31.463802,54.989578,126,147,winter,21,0.1413706962607409
eta_lat_m68p928383_lon_m143p010422.npy,-68.928383,-143.010422,147,168,winter,21,0.22149668673151418
eta_lat_m55p389462_lon_p174p989563.npy,-55.389462,174.989563,105,126,winter,21,1.0561277074249167
eta_lat_m44p523903_lon_m29p010422.npy,-44.523903,-29.010422,126,147,winter,21,0.18570759774822937
eta_lat_m61p508057_lon_p30p989578.npy,-61.508057,30.989578,189,210,winter,21,0.12498488434051212
eta_lat_m70p951729_lon_m142p952744.npy,-70.951729,-142.952744,189,210,winter,21,0.47650222872432907
eta_lat_m58p574665_lon_p96p989594.npy,-58.574665,96.989594,189,210,winter,21,0.8453137011904466
eta_lat_m58p574665_lon_p48p989578.npy,-58.574665,48.989578,168,189,winter,21,0.14487721045550547
eta_lat_m16p395037_lon_m107p010414.npy,-16.395037,-107.010414,168,189,winter,21,0.13659380062630302
eta_lat_m64p202515_lon_p30p989578.npy,-64.202515,30.989578,105,126,winter,21,0.2548389842635707
eta_lat_m55p389462_lon_p126p989594.npy,-55.389462,126.989594,147,168,winter,21,0.6600571055161325
eta_lat_m5p545479_lon_m149p010422.npy,-5.545479,-149.010422,189,210,winter,21,0.21682175170434148
eta_lat_m44p523903_lon_m125p010414.npy,-44.523903,-125.010414,168,189,winter,21,0.10118166788628227
eta_lat_m48p374134_lon_m107p010414.npy,-48.374134,-107.010414,147,168,winter,21,0.10800664793503911
eta_lat_p36p058659_lon_p162p989563.npy,36.058659,162.989563,147,168,winter,21,0.39522957958673177
eta_lat_m55p400803_lon_m149p010422.npy,-55.400803,-149.010422,126,147,winter,21,0.19202763057853045
eta_lat_m26p641497_lon_p102p989594.npy,-26.641497,102.989594,168,189,winter,21,0.2244994777597879
eta_lat_m61p508057_lon_p144p989563.npy,-61.508057,144.989563,126,147,winter,21,0.3513619491928502
eta_lat_p5p545479_lon_p54p989578.npy,5.545479,54.989578,105,126,winter,21,0.23656301004321953
eta_lat_m55p400803_lon_p12p989578.npy,-55.400803,12.989578,168,189,winter,21,0.11200576785363649
eta_lat_m61p508057_lon_p174p989563.npy,-61.508057,174.989563,147,168,winter,21,0.667425695218538
eta_lat_p21p610189_lon_m59p010422.npy,21.610189,-59.010422,168,189,winter,21,0.14735432596583115
eta_lat_m66p662788_lon_m107p010414.npy,-66.662788,-107.010414,189,210,winter,21,0.16465465038230545
eta_lat_m61p508057_lon_p132p989563.npy,-61.508057,132.989563,126,147,winter,21,0.18389930066309476
eta_lat_m61p508057_lon_m77p010414.npy,-61.508057,-77.010414,126,147,winter,21,0.847896756310212
eta_lat_m55p389462_lon_m83p010414.npy,-55.389462,-83.010414,105,126,winter,21,0.12010576262285835
eta_lat_m48p374134_lon_m29p010422.npy,-48.374134,-29.010422,189,210,winter,21,0.2480818170465921
eta_lat_m40p414062_lon_p126p989594.npy,-40.414062,126.989594,168,189,winter,21,0.1333741935852327
eta_lat_m55p389462_lon_p78p989594.npy,-55.389462,78.989594,168,189,winter,21,0.20747568105396472
eta_lat_m58p574665_lon_m35p010422.npy,-58.574665,-35.010422,147,168,winter,21,0.14428904378100446
eta_lat_m40p414062_lon_p96p989594.npy,-40.414062,96.989594,189,210,winter,21,0.12324560433626175
eta_lat_m55p389462_lon_p114p989594.npy,-55.389462,114.989594,147,168,winter,21,0.1132757518636553
eta_lat_m11p027672_lon_p84p989594.npy,-11.027672,84.989594,147,168,winter,21,0.15468859907827878
eta_lat_m55p389462_lon_m161p010422.npy,-55.389462,-161.010422,126,147,winter,21,0.25396570171180527
eta_lat_p21p610189_lon_m35p010422.npy,21.610189,-35.010422,189,210,winter,21,0.1811556941584537
eta_lat_m61p508057_lon_p78p989594.npy,-61.508057,78.989594,105,126,winter,21,0.4878313141433816
eta_lat_m51p994694_lon_p30p989578.npy,-51.994694,30.989578,126,147,winter,21,0.6668445954197332
eta_lat_m66p662788_lon_p30p989578.npy,-66.662788,30.989578,189,210,winter,21,0.2120736896207458
eta_lat_m40p414062_lon_p24p989578.npy,-40.414062,24.989578,147,168,winter,21,0.2890732460900357
eta_lat_m66p662788_lon_m143p010422.npy,-66.662788,-143.010422,168,189,winter,21,0.11498705591810376
eta_lat_m21p610189_lon_m89p010414.npy,-21.610189,-89.010414,168,189,winter,21,0.10409067590769969
eta_lat_m73p291496_lon_m160p547073.npy,-73.291496,-160.547073,126,147,winter,21,0.8402511383357801
eta_lat_p0p009682_lon_p162p989563.npy,0.009682,162.989563,147,168,winter,21,0.19352533001648753
eta_lat_m52p006847_lon_p156p989563.npy,-52.006847,156.989563,126,147,winter,21,0.34463062960850566
eta_lat_p16p395037_lon_m173p010422.npy,16.395037,-173.010422,126,147,winter,21,0.15095706323259755
eta_lat_m55p400803_lon_p60p989578.npy,-55.400803,60.989578,147,168,winter,21,0.186345041386391
eta_lat_m52p006847_lon_p114p989594.npy,-52.006847,114.989594,126,147,winter,21,0.16924430312294708
eta_lat_m55p400803_lon_p132p989563.npy,-55.400803,132.989563,168,189,winter,21,0.27234476804733276
eta_lat_m66p662788_lon_m17p010422.npy,-66.662788,-17.010422,168,189,winter,21,0.5676728032137218
eta_lat_m61p508057_lon_p36p989578.npy,-61.508057,36.989578,147,168,winter,21,0.125784493786724
eta_lat_m58p574665_lon_m11p010422.npy,-58.574665,-11.010422,189,210,winter,21,0.24562867377933703
eta_lat_m52p006847_lon_m107p010414.npy,-52.006847,-107.010414,147,168,winter,21,0.12538707550419004
eta_lat_m58p574665_lon_p60p989578.npy,-58.574665,60.989578,189,210,winter,21,0.1432022001398237
eta_lat_m52p006847_lon_m53p010422.npy,-52.006847,-53.010422,147,168,winter,21,0.2955382356518193
eta_lat_m31p463802_lon_m149p010422.npy,-31.463802,-149.010422,147,168,winter,21,0.13261719597013374
eta_lat_m31p463802_lon_m143p010422.npy,-31.463802,-143.010422,105,126,winter,21,0.14985817063011622
eta_lat_m66p662788_lon_m101p010414.npy,-66.662788,-101.010414,168,189,winter,21,0.10134973847552349
eta_lat_m11p027672_lon_p78p989594.npy,-11.027672,78.989594,105,126,winter,21,0.16830804042126002
eta_lat_m48p374134_lon_p42p989578.npy,-48.374134,42.989578,189,210,winter,21,0.37636671725072357
eta_lat_m44p523903_lon_p156p989563.npy,-44.523903,156.989563,168,189,winter,21,0.22795465510142476
eta_lat_m5p545479_lon_m89p010414.npy,-5.545479,-89.010414,126,147,winter,21,0.2888271138072014
eta_lat_p48p374134_lon_m167p010422.npy,48.374134,-167.010422,189,210,winter,21,0.17386944552785472
eta_lat_m21p610189_lon_p78p989594.npy,-21.610189,78.989594,168,189,winter,21,0.13602359475273834
eta_lat_m58p574665_lon_p72p989594.npy,-58.574665,72.989594,105,126,winter,21,0.1789753786043117
eta_lat_m64p202515_lon_m149p010422.npy,-64.202515,-149.010422,105,126,winter,21,0.6218754931500083
eta_lat_m58p574665_lon_p102p989594.npy,-58.574665,102.989594,105,126,winter,21,0.18713748376620443
eta_lat_m55p400803_lon_m83p010414.npy,-55.400803,-83.010414,168,189,winter,21,0.15263503436979495
eta_lat_m70p857033_lon_m130p966385.npy,-70.857033,-130.966385,105,126,winter,21,1.3564451368231523
eta_lat_m36p058659_lon_m137p010422.npy,-36.058659,-137.010422,189,210,winter,21,0.13018618876996793
eta_lat_p51p994694_lon_m143p010422.npy,51.994694,-143.010422,105,126,winter,21,0.2021837920734757
eta_lat_m48p374134_lon_m131p010422.npy,-48.374134,-131.010422,147,168,winter,21,0.09509590189707906
eta_lat_p61p082935_lon_m35p089630.npy,61.082935,-35.08963,105,126,winter,21,0.19481419418987475
eta_lat_m55p400803_lon_p126p989594.npy,-55.400803,126.989594,126,147,winter,21,0.6695894661702608
eta_lat_p26p641497_lon_m59p010422.npy,26.641497,-59.010422,189,210,winter,21,0.12690681532809608
eta_lat_m36p058659_lon_p96p989594.npy,-36.058659,96.989594,147,168,winter,21,0.16056701972296364
eta_lat_m40p414062_lon_m173p010422.npy,-40.414062,-173.010422,126,147,winter,21,0.17557398896468313
eta_lat_m51p994694_lon_p132p989563.npy,-51.994694,132.989563,189,210,winter,21,0.36187504741706344
eta_lat_p64p927673_lon_m5p599991.npy,64.927673,-5.599991,147,168,winter,21,0.1985714123829415
eta_lat_m61p508057_lon_m89p010414.npy,-61.508057,-89.010414,189,210,winter,21,0.14604109251185468
eta_lat_p21p610189_lon_m47p010422.npy,21.610189,-47.010422,168,189,winter,21,0.15613918790691778
eta_lat_m40p414062_lon_m155p010422.npy,-40.414062,-155.010422,105,126,winter,21,0.1257389540735044
eta_lat_m40p414062_lon_p132p989563.npy,-40.414062,132.989563,147,168,winter,21,0.148225505885325
eta_lat_m66p662788_lon_m23p010422.npy,-66.662788,-23.010422,147,168,winter,21,1.1673902994708012
eta_lat_m66p662788_lon_m5p010422.npy,-66.662788,-5.010422,105,126,winter,21,0.7935238574680529
eta_lat_m0p009682_lon_p0p989578.npy,-0.009682,0.989578,168,189,winter,21,0.1784376007945914
eta_lat_p44p523903_lon_m35p010422.npy,44.523903,-35.010422,126,147,winter,21,0.23406512564734408
eta_lat_m61p508057_lon_p162p989563.npy,-61.508057,162.989563,189,210,winter,21,0.1594909264853126
eta_lat_m73p545830_lon_m172p573288.npy,-73.54583,-172.573288,105,126,winter,21,2.7903810927742407
eta_lat_m64p202515_lon_p174p989563.npy,-64.202515,174.989563,147,168,winter,21,0.20137002279883937
eta_lat_p0p009682_lon_m161p010422.npy,0.009682,-161.010422,189,210,winter,21,0.21391959527605459
eta_lat_m44p523903_lon_p84p989594.npy,-44.523903,84.989594,126,147,winter,21,1.1908262505343086
eta_lat_p44p523903_lon_m23p010422.npy,44.523903,-23.010422,189,210,winter,21,0.22734689869378744
eta_lat_m0p009682_lon_p84p989594.npy,-0.009682,84.989594,189,210,winter,21,0.26046812926468094
eta_lat_p21p610189_lon_m173p010422.npy,21.610189,-173.010422,126,147,winter,21,0.1909229127984298
eta_lat_m58p574665_lon_p168p989563.npy,-58.574665,168.989563,168,189,winter,21,0.34572035466369827
eta_lat_m55p400803_lon_p108p989594.npy,-55.400803,108.989594,126,147,winter,21,0.2620911535463835
eta_lat_m11p027672_lon_m113p010414.npy,-11.027672,-113.010414,168,189,winter,21,0.16628319221107582
eta_lat_p36p058659_lon_m53p010422.npy,36.058659,-53.010422,168,189,winter,21,0.13771634548902512
eta_lat_p31p463802_lon_m23p010422.npy,31.463802,-23.010422,126,147,winter,21,0.2201989544065375
eta_lat_m44p523903_lon_m113p010414.npy,-44.523903,-113.010414,105,126,winter,21,0.1314990387151116
eta_lat_m48p374134_lon_m11p010422.npy,-48.374134,-11.010422,147,168,winter,21,0.13407674686689125
eta_lat_m58p574665_lon_m167p010422.npy,-58.574665,-167.010422,126,147,winter,21,0.2243283496875512
eta_lat_m72p438423_lon_m118p949417.npy,-72.438423,-118.949417,105,126,winter,21,1.6761172445196855
eta_lat_m51p994694_lon_m17p010422.npy,-51.994694,-17.010422,126,147,winter,21,0.20664289201560773
eta_lat_m44p523903_lon_m47p010422.npy,-44.523903,-47.010422,105,126,winter,21,0.6584445642013299
eta_lat_p0p009682_lon_m167p010422.npy,0.009682,-167.010422,126,147,winter,21,0.18196652084589005
eta_lat_p11p027672_lon_m47p010422.npy,11.027672,-47.010422,189,210,winter,21,0.18507640063762665
eta_lat_p58p392208_lon_m35p018463.npy,58.392208,-35.018463,189,210,winter,21,0.2850663642349996
eta_lat_p65p078934_lon_p0p678101.npy,65.078934,0.678101,126,147,winter,21,0.21026049946483813
eta_lat_m48p374134_lon_m5p010422.npy,-48.374134,-5.010422,105,126,winter,21,0.23740321829130775
eta_lat_m16p395037_lon_m113p010414.npy,-16.395037,-113.010414,147,168,winter,21,0.12795771560386607
eta_lat_p0p009682_lon_m125p010414.npy,0.009682,-125.010414,105,126,winter,21,0.14699873720344744
eta_lat_p16p395037_lon_m131p010422.npy,16.395037,-131.010422,189,210,winter,21,0.16111606163413902
eta_lat_m64p202515_lon_p0p989578.npy,-64.202515,0.989578,105,126,winter,21,0.4740733221957558
eta_lat_p36p058659_lon_p168p989563.npy,36.058659,168.989563,126,147,winter,21,0.2148804523442921
eta_lat_p16p395037_lon_p174p989563.npy,16.395037,174.989563,168,189,winter,21,0.16105477551096364
eta_lat_p31p463802_lon_m143p010422.npy,31.463802,-143.010422,147,168,winter,21,0.13253810727282575
eta_lat_m0p009682_lon_m17p010422.npy,-0.009682,-17.010422,147,168,winter,21,0.2009783857747128
eta_lat_m55p389462_lon_p102p989594.npy,-55.389462,102.989594,168,189,winter,21,0.45782553796705444
eta_lat_p21p610189_lon_m23p010422.npy,21.610189,-23.010422,147,168,winter,21,0.22658735278405642
eta_lat_m58p574665_lon_m125p010414.npy,-58.574665,-125.010414,147,168,winter,21,0.4285526322691064
eta_lat_m64p202515_lon_m95p010414.npy,-64.202515,-95.010414,105,126,winter,21,0.17285125996721418
eta_lat_m11p027672_lon_m119p010414.npy,-11.027672,-119.010414,147,168,winter,21,0.13925342614713468
eta_lat_p26p641497_lon_m41p010422.npy,26.641497,-41.010422,126,147,winter,21,0.1408453505290182
eta_lat_m52p006847_lon_p150p989563.npy,-52.006847,150.989563,126,147,winter,21,2.226602355116292
eta_lat_m64p202515_lon_m167p010422.npy,-64.202515,-167.010422,105,126,winter,21,0.20352524518966675
eta_lat_m36p058659_lon_m89p010414.npy,-36.058659,-89.010414,105,126,winter,21,0.1536001982657533
eta_lat_p36p058659_lon_p174p989563.npy,36.058659,174.989563,147,168,winter,21,0.2110743561857625
eta_lat_m52p006847_lon_p150p989563.npy,-52.006847,150.989563,168,189,winter,21,1.2177994000284296
eta_lat_m68p928383_lon_m35p010422.npy,-68.928383,-35.010422,189,210,winter,21,0.626825815752933
eta_lat_m55p400803_lon_m53p010422.npy,-55.400803,-53.010422,126,147,winter,21,1.0838543176651
eta_lat_m40p414062_lon_p132p989563.npy,-40.414062,132.989563,105,126,winter,21,0.18279989887225
eta_lat_m51p994694_lon_p84p989594.npy,-51.994694,84.989594,126,147,winter,21,0.6658348778360769
eta_lat_m51p994694_lon_p150p989563.npy,-51.994694,150.989563,126,147,winter,21,2.223883032798767
eta_lat_p31p463802_lon_m149p010422.npy,31.463802,-149.010422,126,147,winter,21,0.1087767705321312
eta_lat_m36p058659_lon_m23p010422.npy,-36.058659,-23.010422,147,168,winter,21,0.14662086257809087
eta_lat_m51p994694_lon_m23p010422.npy,-51.994694,-23.010422,189,210,winter,21,0.5127780429626766
eta_lat_m64p202515_lon_m83p010414.npy,-64.202515,-83.010414,168,189,winter,21,0.39353431839691966
eta_lat_m66p662788_lon_p36p989578.npy,-66.662788,36.989578,105,126,winter,21,0.6468114727421811
eta_lat_p16p395037_lon_m59p010422.npy,16.395037,-59.010422,105,126,winter,21,0.21395869984438545
eta_lat_m48p374134_lon_m35p010422.npy,-48.374134,-35.010422,105,126,winter,21,0.43045373613897125
eta_lat_m66p662788_lon_m119p010414.npy,-66.662788,-119.010414,168,189,winter,21,0.15191431069060377
eta_lat_m48p374134_lon_p24p989578.npy,-48.374134,24.989578,168,189,winter,21,0.21870035246798866
eta_lat_m55p400803_lon_m5p010422.npy,-55.400803,-5.010422,168,189,winter,21,0.11915298237612373
eta_lat_p61p082935_lon_m35p089630.npy,61.082935,-35.08963,126,147,winter,21,0.228171012119243
eta_lat_p36p058659_lon_m143p010422.npy,36.058659,-143.010422,189,210,winter,21,0.12324261037926924
eta_lat_m64p202515_lon_m119p010414.npy,-64.202515,-119.010414,189,210,winter,21,0.19347340280288144
eta_lat_m51p994694_lon_m119p010414.npy,-51.994694,-119.010414,147,168,winter,21,0.21291855212889219
eta_lat_m31p463802_lon_m89p010414.npy,-31.463802,-89.010414,189,210,winter,21,0.11905328949031077
eta_lat_m66p662788_lon_m167p010422.npy,-66.662788,-167.010422,168,189,winter,21,0.34184734542903145
eta_lat_p5p545479_lon_m167p010422.npy,5.545479,-167.010422,189,210,winter,21,0.22377729768815793
eta_lat_m64p202515_lon_p54p989578.npy,-64.202515,54.989578,147,168,winter,21,0.34046681225299835
eta_lat_p36p058659_lon_m65p010414.npy,36.058659,-65.010414,189,210,winter,21,0.9667975784916627
eta_lat_m61p508057_lon_m17p010422.npy,-61.508057,-17.010422,126,147,winter,21,0.44790416171676234
eta_lat_m58p574665_lon_p48p989578.npy,-58.574665,48.989578,189,210,winter,21,0.12063377311355189
eta_lat_m5p545479_lon_p90p989594.npy,-5.545479,90.989594,105,126,winter,21,0.16450516330568413
eta_lat_m55p400803_lon_m173p010422.npy,-55.400803,-173.010422,105,126,winter,21,0.32730394876316976
eta_lat_p0p009682_lon_m143p010422.npy,0.009682,-143.010422,126,147,winter,21,0.19080405956820437
eta_lat_m55p400803_lon_m23p010422.npy,-55.400803,-23.010422,168,189,winter,21,0.1814343807728667
eta_lat_m40p414062_lon_p18p989578.npy,-40.414062,18.989578,168,189,winter,21,0.57529290569456
eta_lat_m40p414062_lon_p84p989594.npy,-40.414062,84.989594,147,168,winter,21,0.15821846143195503
eta_lat_m48p374134_lon_m5p010422.npy,-48.374134,-5.010422,126,147,winter,21,0.13267080368180023
eta_lat_m58p574665_lon_p48p989578.npy,-58.574665,48.989578,126,147,winter,21,0.13662672140880636
eta_lat_m52p006847_lon_p6p989578.npy,-52.006847,6.989578,147,168,winter,21,0.26697416564351634
eta_lat_m31p463802_lon_p162p989563.npy,-31.463802,162.989563,168,189,winter,21,0.36320992127845164
eta_lat_m26p641497_lon_p96p989594.npy,-26.641497,96.989594,126,147,winter,21,0.20252830731241325
eta_lat_p26p641497_lon_p162p989563.npy,26.641497,162.989563,126,147,winter,21,0.20035191115580106
eta_lat_m68p928383_lon_m5p010422.npy,-68.928383,-5.010422,126,147,winter,21,0.6296411344879552
eta_lat_m48p374134_lon_p30p989578.npy,-48.374134,30.989578,105,126,winter,21,0.352212470220892
eta_lat_m66p662788_lon_m167p010422.npy,-66.662788,-167.010422,126,147,winter,21,0.8489066017301459
eta_lat_p31p463802_lon_p168p989563.npy,31.463802,168.989563,168,189,winter,21,0.1975744892107813
eta_lat_m11p027672_lon_p90p989594.npy,-11.027672,90.989594,126,147,winter,21,0.1595231482857152
eta_lat_m48p374134_lon_m29p010422.npy,-48.374134,-29.010422,126,147,winter,21,0.2427035338784519
eta_lat_m36p058659_lon_p96p989594.npy,-36.058659,96.989594,168,189,winter,21,0.16280286484643033
eta_lat_m61p508057_lon_m23p010422.npy,-61.508057,-23.010422,168,189,winter,21,0.40026758101425675
eta_lat_m31p463802_lon_p174p989563.npy,-31.463802,174.989563,168,189,winter,21,0.3567404754851994
eta_lat_m52p006847_lon_p96p989594.npy,-52.006847,96.989594,105,126,winter,21,0.601162892423178
eta_lat_m55p389462_lon_m83p010414.npy,-55.389462,-83.010414,126,147,winter,21,0.13782058244473055
eta_lat_p48p374134_lon_p174p989563.npy,48.374134,174.989563,168,189,winter,21,0.14069277518673948
eta_lat_p48p374134_lon_m161p010422.npy,48.374134,-161.010422,126,147,winter,21,0.17547282831449257
eta_lat_m16p395037_lon_p78p989594.npy,-16.395037,78.989594,168,189,winter,21,0.12146812912664916
eta_lat_p5p545479_lon_m155p010422.npy,5.545479,-155.010422,105,126,winter,21,0.1939690787541239
eta_lat_m31p463802_lon_m131p010422.npy,-31.463802,-131.010422,147,168,winter,21,0.14597969698278526
eta_lat_m58p574665_lon_m173p010422.npy,-58.574665,-173.010422,189,210,winter,21,0.2273148321791699
eta_lat_p51p994694_lon_m155p010422.npy,51.994694,-155.010422,168,189,winter,21,0.19517941067093297
eta_lat_m71p110893_lon_m160p945129.npy,-71.110893,-160.945129,126,147,winter,21,0.7715196264417548
eta_lat_m52p006847_lon_m29p010422.npy,-52.006847,-29.010422,105,126,winter,21,0.24823570643600665
eta_lat_m0p009682_lon_m35p010422.npy,-0.009682,-35.010422,105,126,winter,21,0.14173243194818497
eta_lat_m66p662788_lon_m119p010414.npy,-66.662788,-119.010414,147,168,winter,21,0.13879160308524183
eta_lat_p51p994694_lon_m29p010422.npy,51.994694,-29.010422,126,147,winter,21,0.27036547190264654
eta_lat_p26p641497_lon_m59p010422.npy,26.641497,-59.010422,105,126,winter,21,0.13136853591391914
eta_lat_m48p374134_lon_m113p010414.npy,-48.374134,-113.010414,168,189,winter,21,0.2002174752323251
eta_lat_m16p395037_lon_m11p010422.npy,-16.395037,-11.010422,189,210,winter,21,0.24063224698367872
eta_lat_m40p414062_lon_p72p989594.npy,-40.414062,72.989594,147,168,winter,21,0.14266096878992884
eta_lat_p26p641497_lon_p174p989563.npy,26.641497,174.989563,126,147,winter,21,0.1507270238117168
eta_lat_m51p994694_lon_p84p989594.npy,-51.994694,84.989594,189,210,winter,21,1.1273074291254346
eta_lat_p16p395037_lon_p156p989563.npy,16.395037,156.989563,147,168,winter,21,0.20865356333945928
eta_lat_m21p610189_lon_p108p989594.npy,-21.610189,108.989594,168,189,winter,21,0.20595795739638179
eta_lat_m11p027672_lon_p0p989578.npy,-11.027672,0.989578,168,189,winter,21,0.1572022296880421
eta_lat_m16p395037_lon_m11p010422.npy,-16.395037,-11.010422,126,147,winter,21,0.23562125312654594
eta_lat_m44p523903_lon_p120p989594.npy,-44.523903,120.989594,168,189,winter,21,0.12000949347489759
eta_lat_m61p508057_lon_p0p989578.npy,-61.508057,0.989578,147,168,winter,21,0.0965495213474098
eta_lat_p16p395037_lon_m119p010414.npy,16.395037,-119.010414,126,147,winter,21,0.14568076008244565
eta_lat_m61p508057_lon_p36p989578.npy,-61.508057,36.989578,105,126,winter,21,0.16045328386520086
eta_lat_m72p442223_lon_m113p020538.npy,-72.442223,-113.020538,189,210,winter,21,0.297966563387921
eta_lat_m51p994694_lon_m149p010422.npy,-51.994694,-149.010422,189,210,winter,21,0.40781630654084056
eta_lat_p16p395037_lon_p162p989563.npy,16.395037,162.989563,189,210,winter,21,0.214049568301753
eta_lat_p11p027672_lon_m149p010422.npy,11.027672,-149.010422,189,210,winter,21,0.15722460103662392
eta_lat_m64p202515_lon_m17p010422.npy,-64.202515,-17.010422,147,168,winter,21,0.8846189583602705
eta_lat_p5p545479_lon_m173p010422.npy,5.545479,-173.010422,105,126,winter,21,0.19628449843118065
eta_lat_m51p994694_lon_p120p989594.npy,-51.994694,120.989594,168,189,winter,21,0.18703012246834605
eta_lat_m48p374134_lon_p60p989578.npy,-48.374134,60.989578,147,168,winter,21,0.16642090148831667
eta_lat_m55p400803_lon_p66p989594.npy,-55.400803,66.989594,168,189,winter,21,0.17975398780483948
eta_lat_m11p027672_lon_m11p010422.npy,-11.027672,-11.010422,105,126,winter,21,0.2345612307912425
eta_lat_m58p574665_lon_p48p989578.npy,-58.574665,48.989578,105,126,winter,21,0.23991339340021736
eta_lat_p16p395037_lon_p132p989563.npy,16.395037,132.989563,189,210,winter,21,0.24675679598983966
eta_lat_p21p610189_lon_p126p989594.npy,21.610189,126.989594,126,147,winter,21,0.2546168608885062
eta_lat_m48p374134_lon_p120p989594.npy,-48.374134,120.989594,189,210,winter,21,0.613438102759813
eta_lat_m58p574665_lon_m5p010422.npy,-58.574665,-5.010422,168,189,winter,21,0.21975723497177424
eta_lat_m40p414062_lon_p6p989578.npy,-40.414062,6.989578,147,168,winter,21,0.10186229175642918
eta_lat_m66p662788_lon_m35p010422.npy,-66.662788,-35.010422,147,168,winter,21,0.5684152574915635
eta_lat_p21p610189_lon_m119p010414.npy,21.610189,-119.010414,105,126,winter,21,0.14439929355131953
eta_lat_m64p202515_lon_m131p010422.npy,-64.202515,-131.010422,126,147,winter,21,0.11459210103279666
eta_lat_p26p641497_lon_m161p010422.npy,26.641497,-161.010422,168,189,winter,21,0.18839223918161893
eta_lat_m31p463802_lon_p60p989578.npy,-31.463802,60.989578,105,126,winter,21,0.14907127697216838
eta_lat_p21p610189_lon_m53p010422.npy,21.610189,-53.010422,147,168,winter,21,0.14319971890041702
eta_lat_p26p641497_lon_p168p989563.npy,26.641497,168.989563,147,168,winter,21,0.16061423052298396
eta_lat_m16p395037_lon_m89p010414.npy,-16.395037,-89.010414,126,147,winter,21,0.16464690589591077
eta_lat_p48p374134_lon_m41p010422.npy,48.374134,-41.010422,147,168,winter,21,0.27605333571371277
eta_lat_m75p355705_lon_m159p614578.npy,-75.355705,-159.614578,147,168,winter,21,2.900602892825478
eta_lat_m55p400803_lon_p114p989594.npy,-55.400803,114.989594,105,126,winter,21,0.13143731947792203
eta_lat_m55p400803_lon_p144p989563.npy,-55.400803,144.989563,189,210,winter,21,0.23795312486196818
eta_lat_m31p463802_lon_p174p989563.npy,-31.463802,174.989563,147,168,winter,21,0.3438081882501903
eta_lat_m5p545479_lon_m113p010414.npy,-5.545479,-113.010414,189,210,winter,21,0.20771286950299614
eta_lat_m31p463802_lon_m29p010422.npy,-31.463802,-29.010422,147,168,winter,21,0.15045948993218572
eta_lat_m61p508057_lon_m119p010414.npy,-61.508057,-119.010414,126,147,winter,21,0.1685869458474611
eta_lat_m55p400803_lon_p120p989594.npy,-55.400803,120.989594,147,168,winter,21,0.45715540098516566
eta_lat_m61p508057_lon_m83p010414.npy,-61.508057,-83.010414,105,126,winter,21,0.16192057689553813
eta_lat_p26p641497_lon_m29p010422.npy,26.641497,-29.010422,189,210,winter,21,0.17827781446670232
eta_lat_m48p374134_lon_m35p010422.npy,-48.374134,-35.010422,189,210,winter,21,0.6865203992316598
eta_lat_m36p058659_lon_m35p010422.npy,-36.058659,-35.010422,189,210,winter,21,0.1285096436346832
eta_lat_p40p414062_lon_p156p989563.npy,40.414062,156.989563,147,168,winter,21,0.19806007491914848
eta_lat_m26p641497_lon_p174p989563.npy,-26.641497,174.989563,105,126,winter,21,0.2546365982607791
eta_lat_p5p545479_lon_m113p010414.npy,5.545479,-113.010414,126,147,winter,21,0.22662669106533653
eta_lat_m40p414062_lon_m89p010414.npy,-40.414062,-89.010414,189,210,winter,21,0.16905898169467323
eta_lat_p44p523903_lon_m155p010422.npy,44.523903,-155.010422,147,168,winter,21,0.12844769813512502
eta_lat_m48p374134_lon_p30p989578.npy,-48.374134,30.989578,147,168,winter,21,0.3686890668774906
eta_lat_m64p202515_lon_m113p010414.npy,-64.202515,-113.010414,168,189,winter,21,0.20277277027305804
eta_lat_m58p574665_lon_p0p989578.npy,-58.574665,0.989578,126,147,winter,21,0.174710161591831
eta_lat_m58p574665_lon_p156p989563.npy,-58.574665,156.989563,105,126,winter,21,0.13891282775684408
eta_lat_p48p374134_lon_m155p010422.npy,48.374134,-155.010422,147,168,winter,21,0.1586606929961004
eta_lat_m64p202515_lon_m77p010414.npy,-64.202515,-77.010414,126,147,winter,21,0.302251146812188
eta_lat_m26p641497_lon_m161p010422.npy,-26.641497,-161.010422,189,210,winter,21,0.14251881053573207
eta_lat_p44p523903_lon_p168p989563.npy,44.523903,168.989563,189,210,winter,21,0.12829486712029106
eta_lat_m55p389462_lon_p144p989563.npy,-55.389462,144.989563,126,147,winter,21,0.23018309356350647
eta_lat_m58p574665_lon_m5p010422.npy,-58.574665,-5.010422,105,126,winter,21,0.7371752748363897
eta_lat_p21p610189_lon_m47p010422.npy,21.610189,-47.010422,189,210,winter,21,0.14826273918151855
eta_lat_m64p202515_lon_p168p989563.npy,-64.202515,168.989563,126,147,winter,21,0.166642018054661
eta_lat_m66p662788_lon_m113p010414.npy,-66.662788,-113.010414,126,147,winter,21,0.17931888350530675
eta_lat_p51p994694_lon_m143p010422.npy,51.994694,-143.010422,147,168,winter,21,0.16309451488287827
eta_lat_m5p545479_lon_m29p010422.npy,-5.545479,-29.010422,168,189,winter,21,0.13569645309134534
eta_lat_m48p374134_lon_p174p989563.npy,-48.374134,174.989563,105,126,winter,21,0.3789791856941424
eta_lat_p0p009682_lon_m161p010422.npy,0.009682,-161.010422,105,126,winter,21,0.18784713509835696
eta_lat_m40p414062_lon_m131p010422.npy,-40.414062,-131.010422,189,210,winter,21,0.1060855267079253
eta_lat_m40p414062_lon_m17p010422.npy,-40.414062,-17.010422,147,168,winter,21,0.16812241587199664
eta_lat_p48p374134_lon_p168p989563.npy,48.374134,168.989563,126,147,winter,21,0.13449834404807343
eta_lat_m31p463802_lon_p102p989594.npy,-31.463802,102.989594,105,126,winter,21,0.21521086284988805
eta_lat_m52p006847_lon_p174p989563.npy,-52.006847,174.989563,147,168,winter,21,0.46621759392713247
eta_lat_m31p463802_lon_p66p989594.npy,-31.463802,66.989594,126,147,winter,21,0.1288743830825153
eta_lat_m52p006847_lon_p120p989594.npy,-52.006847,120.989594,105,126,winter,21,0.5268581470376567
eta_lat_m0p009682_lon_p84p989594.npy,-0.009682,84.989594,147,168,winter,21,0.244735734243142
eta_lat_m31p463802_lon_p84p989594.npy,-31.463802,84.989594,189,210,winter,21,0.13222532405665047
eta_lat_p55p389462_lon_m35p010422.npy,55.389462,-35.010422,126,147,winter,21,0.2045658279798533
eta_lat_m40p414062_lon_p24p989578.npy,-40.414062,24.989578,105,126,winter,21,0.3443434959963748
eta_lat_p11p027672_lon_p84p989594.npy,11.027672,84.989594,126,147,winter,21,0.2645309449810731
eta_lat_m55p389462_lon_p174p989563.npy,-55.389462,174.989563,126,147,winter,21,0.7902949750423431
eta_lat_m52p006847_lon_p60p989578.npy,-52.006847,60.989578,189,210,winter,21,0.14530006345165403
eta_lat_m31p463802_lon_p48p989578.npy,-31.463802,48.989578,168,189,winter,21,0.19118210869400123
eta_lat_m52p006847_lon_m155p010422.npy,-52.006847,-155.010422,105,126,winter,21,0.20297623112013466
eta_lat_m36p058659_lon_p42p989578.npy,-36.058659,42.989578,168,189,winter,21,0.19761221424529427
eta_lat_m16p395037_lon_p102p989594.npy,-16.395037,102.989594,168,189,winter,21,0.15516642637942968
eta_lat_m44p523903_lon_m119p010414.npy,-44.523903,-119.010414,147,168,winter,21,0.13465598166773193
eta_lat_p0p009682_lon_m167p010422.npy,0.009682,-167.010422,147,168,winter,21,0.17509514760029943
eta_lat_p55p389462_lon_m35p010422.npy,55.389462,-35.010422,105,126,winter,21,0.24446146582302294
eta_lat_p21p610189_lon_m23p010422.npy,21.610189,-23.010422,105,126,winter,21,0.2563376532573449
eta_lat_p5p545479_lon_m125p010414.npy,5.545479,-125.010414,189,210,winter,21,0.16432386244598188
eta_lat_p36p058659_lon_p168p989563.npy,36.058659,168.989563,105,126,winter,21,0.2595081588155345
eta_lat_m52p006847_lon_p24p989578.npy,-52.006847,24.989578,189,210,winter,21,0.46681443405778783
eta_lat_m64p202515_lon_p78p989594.npy,-64.202515,78.989594,147,168,winter,21,0.12596756396325012
eta_lat_m55p400803_lon_p54p989578.npy,-55.400803,54.989578,105,126,winter,21,0.21241104563600138
eta_lat_m61p508057_lon_m95p010414.npy,-61.508057,-95.010414,189,210,winter,21,0.20670815988590843
eta_lat_m58p574665_lon_p138p989563.npy,-58.574665,138.989563,147,168,winter,21,0.27042584689824206
eta_lat_p21p610189_lon_m137p010422.npy,21.610189,-137.010422,147,168,winter,21,0.16891091826714968
eta_lat_m52p006847_lon_p0p989578.npy,-52.006847,0.989578,105,126,winter,21,0.12530833796450966
eta_lat_m68p928383_lon_m149p010422.npy,-68.928383,-149.010422,168,189,winter,21,0.37574042615137604
eta_lat_m36p058659_lon_p96p989594.npy,-36.058659,96.989594,105,126,winter,21,0.11147987332783248
eta_lat_p16p395037_lon_m47p010422.npy,16.395037,-47.010422,105,126,winter,21,0.2101617471167916
eta_lat_m70p827019_lon_m124p974617.npy,-70.827019,-124.974617,168,189,winter,21,0.8005837829489457
eta_lat_m64p202515_lon_p126p989594.npy,-64.202515,126.989594,168,189,winter,21,0.19998325525145783
eta_lat_p51p994694_lon_m29p010422.npy,51.994694,-29.010422,168,189,winter,21,0.30387938571603673
eta_lat_m48p374134_lon_m35p010422.npy,-48.374134,-35.010422,126,147,winter,21,0.5888817059366327
eta_lat_m44p523903_lon_m155p010422.npy,-44.523903,-155.010422,189,210,winter,21,0.07830907620097462
eta_lat_m58p574665_lon_p102p989594.npy,-58.574665,102.989594,126,147,winter,21,0.17088826608500982
eta_lat_m55p389462_lon_m131p010422.npy,-55.389462,-131.010422,105,126,winter,21,0.8812452515489176
eta_lat_m58p574665_lon_m83p010414.npy,-58.574665,-83.010414,189,210,winter,21,0.4255433282569835
eta_lat_p16p395037_lon_m173p010422.npy,16.395037,-173.010422,189,210,winter,21,0.164504300999014
eta_lat_p36p058659_lon_m161p010422.npy,36.058659,-161.010422,105,126,winter,21,0.14891012248240018
eta_lat_p21p610189_lon_m35p010422.npy,21.610189,-35.010422,126,147,winter,21,0.19953288255553497
eta_lat_m21p610189_lon_p84p989594.npy,-21.610189,84.989594,168,189,winter,21,0.11773711835083209
eta_lat_p70p660629_lon_m0p213028.npy,70.660629,-0.213028,189,210,winter,21,0.1852654348078527
eta_lat_m75p355705_lon_m159p614578.npy,-75.355705,-159.614578,189,210,winter,21,1.6427522144819562
eta_lat_p40p414062_lon_m41p010422.npy,40.414062,-41.010422,189,210,winter,21,0.15585097552914368
eta_lat_m73p433556_lon_m166p559235.npy,-73.433556,-166.559235,147,168,winter,21,1.5427450192602057
eta_lat_m72p442223_lon_m113p020538.npy,-72.442223,-113.020538,105,126,winter,21,1.0076273083686829
eta_lat_p44p523903_lon_p174p989563.npy,44.523903,174.989563,189,210,winter,21,0.1980513373487874
eta_lat_m73p118896_lon_m154p539932.npy,-73.118896,-154.539932,126,147,winter,21,1.1308523761598688
eta_lat_p31p463802_lon_m131p010422.npy,31.463802,-131.010422,105,126,winter,21,0.19926990490210683
eta_lat_m64p202515_lon_p6p989578.npy,-64.202515,6.989578,189,210,winter,21,0.18564515776540103
eta_lat_p11p027672_lon_m155p010422.npy,11.027672,-155.010422,147,168,winter,21,0.15639129751606992
eta_lat_p0p009682_lon_p162p989563.npy,0.009682,162.989563,126,147,winter,21,0.18825725740508029
eta_lat_m40p414062_lon_m119p010414.npy,-40.414062,-119.010414,126,147,winter,21,0.10795229418497336
eta_lat_m31p463802_lon_m125p010414.npy,-31.463802,-125.010414,189,210,winter,21,0.12908158902274935
eta_lat_m48p374134_lon_m41p010422.npy,-48.374134,-41.010422,168,189,winter,21,0.6919509839070471
