cluster,longitude,latitude
3,-41.0,-64.20024
1,-112.99993,-26.642677
1,151.0,26.641325
0,-125.0,31.462484
3,109.000046,-44.520546
1,85.0,-36.055874
1,169.0,26.641325
2,-136.99995,-68.93184
3,127.0,-52.007637
2,157.0,-64.20024
3,-88.999985,-48.382748
1,163.0,16.397871
3,-35.0,44.520535
0,103.0,-16.397549
3,-112.99993,-58.568237
1,79.0,-31.462294
3,-47.0,52.003044
1,-41.0,26.641325
3,13.0,-52.007637
3,67.000015,-58.568237
1,-160.99991,-36.055874
3,-94.999985,-61.51355
3,-107.0,-44.520546
3,-166.99992,-66.65827
0,-35.0,-31.462294
0,-29.0,11.0323
0,-23.0,26.641325
3,73.0,-64.20024
3,91.000015,-61.51355
3,127.0,-64.20024
2,-112.99993,-66.65827
1,-65.0,26.641325
0,-29.0,-5.5518274
0,55.00001,3.1561487e-09
0,-53.0,11.0323
1,-59.0,26.641325
3,-107.0,-52.007637
2,-94.999985,-68.93184
0,-11.0,3.1561487e-09
3,-5.0,-61.51355
1,-161.0,26.641325
1,-59.0,36.056435
0,-53.0,16.397871
1,-23.0,31.462484
0,-125.0,21.61141
0,109.000046,-16.397549
1,-35.0,-44.520546
0,37.000004,-61.51355
1,175.0,36.056435
1,-143.0,31.462484
3,-82.999985,-48.382748
3,85.0,-52.007637
3,19.0,-58.568237
1,145.0,31.462484
3,-11.0,-61.51355
0,91.000015,-16.397549
0,-41.0,55.385616
3,127.0,-44.520546
0,-23.0,3.1561487e-09
0,-131.0,16.397871
3,-82.999985,-52.007637
0,-167.0,5.5520205
0,7.0,-16.397549
2,169.0,-68.93184
1,-29.0,-26.642677
0,-125.0,11.0323
3,19.0,-61.51355
1,61.0,-31.462294
1,49.0,-40.410824
3,-94.999985,-58.568237
0,-101.0,-11.032544
0,7.0,-26.642677
0,-107.0,3.1561487e-09
0,-166.99992,-61.51355
3,169.0,-58.568237
1,-173.0,21.61141
0,-17.0,-21.610788
2,-35.020275,-71.30464
0,-131.0,-21.610788
1,85.0,-31.462294
3,19.0,-66.65827
1,-5.0,-26.642677
3,157.0,-58.568237
3,-88.999985,-52.007637
2,-41.24697,-73.802574
1,49.0,-36.055874
3,145.0,36.056435
1,115.000015,-40.410824
2,-112.99993,-64.20024
0,-125.0,3.1561487e-09
1,-112.99993,-36.055874
1,7.0,-36.055874
1,115.000015,-52.007637
1,-154.99991,-31.462294
2,-148.57288,-72.978134
0,-5.0,3.1561487e-09
2,-82.999985,-66.65827
1,-53.0,36.056435
1,-23.0,-21.610788
3,115.000015,-55.395123
0,-136.99995,-64.20024
3,-35.0,52.003044
1,-155.0,26.641325
3,-173.0,-40.410824
1,-107.0,-31.462294
1,-173.0,36.056435
3,163.0,-58.568237
0,-23.0,21.61141
0,-11.0,-11.032544
1,67.000015,-31.462294
1,163.0,48.383465
3,79.0,-64.20024
3,-5.0,-52.007637
3,67.000015,-55.395123
0,-161.0,11.0323
0,61.0,5.5520205
1,31.0,-48.382748
1,-29.0,36.056435
2,-118.93555,-72.44492
3,-112.99993,-61.51355
0,-149.0,-5.5518274
2,-149.0,-64.20024
1,-11.0,-26.642677
3,-118.99993,-44.520546
1,-137.0,31.462484
2,127.0,-61.51355
3,91.000015,-58.568237
3,25.0,-55.395123
1,-160.99991,-26.642677
3,175.00003,-61.51355
3,-173.0,-66.65827
1,37.000004,-44.520546
1,-29.0,-31.462294
2,13.0,-66.65827
2,-130.75615,-72.5746
1,175.00003,-31.462294
0,-119.0,11.0323
1,-112.99993,-21.610788
2,-107.0,-66.65827
0,97.0,-26.642677
3,-131.0,-52.007637
1,43.000004,-36.055874
1,-112.99993,-16.397549
2,-29.064987,-73.889046
0,-143.0,5.5520205
1,109.000046,-48.382748
3,-118.99993,-48.382748
0,-173.0,-58.568237
0,-35.0,3.1561487e-09
2,-112.99993,-68.93184
3,-94.999985,-48.382748
3,-76.999985,-61.51355
1,55.00001,-31.462294
1,43.000004,-44.520546
2,-47.041847,-71.25389
3,-29.0,-48.382748
1,43.000004,-40.410824
1,-29.0,-40.410824
3,-35.0,-61.51355
3,-101.0,-52.007637
1,-23.0,-31.462294
1,163.0,40.411167
2,-160.99991,-64.20024
3,-5.0,-58.568237
0,1.0,-21.610788
3,85.0,-61.51355
1,-88.999985,-36.055874
1,31.0,-44.520546
0,-131.0,-11.032544
1,-88.999985,-16.397549
0,-155.0,11.0323
3,67.000015,-44.520546
1,-149.0,-68.93184
2,-160.93956,-71.10786
2,-159.61714,-75.360054
3,139.00003,-58.568237
3,79.0,-61.51355
1,25.0,-40.410824
3,-154.99991,-61.51355
3,169.0,36.056435
3,-166.99992,-55.395123
3,-136.99995,-44.520546
1,175.0,44.520535
3,-160.99991,-55.395123
3,-35.0,55.385616
3,-143.0,-40.410824
1,61.0,-36.055874
1,85.0,-40.410824
1,-143.0,48.383465
0,-125.0,-16.397549
0,-149.0,5.5520205
0,-35.0,16.397871
1,-11.0,-31.462294
3,1.0,-52.007637
1,175.0,31.462484
3,-23.0,-58.568237
3,7.0,-58.568237
3,-125.0,-68.93184
3,-94.999985,-52.007637
3,-47.0,-48.382748
3,31.0,-66.65827
0,-119.0,5.5520205
3,-125.0,-61.51355
0,-166.99992,3.1561487e-09
3,175.00003,-58.568237
3,19.0,-52.007637
2,145.00002,-61.51355
0,-113.0,11.0323
3,103.0,-55.395123
3,-41.0,52.003044
0,-131.0,5.5520205
1,-136.99995,-36.055874
0,-149.0,11.0323
1,-101.0,-31.462294
3,127.0,-48.382748
1,-167.0,40.411167
2,-165.65019,-75.57043
3,-11.0,-55.395123
1,-59.0,21.61141
3,37.000004,-66.65827
3,-160.99991,-48.382748
3,61.0,-52.007637
1,103.0,-52.007637
0,-29.0,5.5520205
2,-41.0,-68.93184
1,13.0,-40.410824
3,-173.0,-52.007637
3,151.00006,-52.007637
2,-143.0,-64.20024
3,85.0,-48.382748
3,-136.99995,-48.382748
1,-149.0,44.520535
1,91.000015,-48.382748
1,-149.0,40.411167
0,-23.0,-11.032544
0,-41.0,16.397871
3,31.0,-58.568237
1,-29.0,26.641325
2,-143.0,-66.65827
1,7.0,-44.520546
0,109.000046,-21.610788
3,-160.99991,-66.65827
0,-173.0,11.0323
0,-11.0,-21.610788
3,-101.0,-61.51355
0,-41.0,11.0323
0,-29.0,-11.032544
2,-107.0,-64.20024
0,-59.0,11.0323
1,73.0,-36.055874
3,97.0,-40.410824
3,-29.0,-61.51355
0,127.0,-40.410824
3,1.0,-48.382748
0,175.0,11.0323
3,-166.99992,-48.382748
1,-143.0,-31.462294
2,-118.99993,-68.93184
1,-47.0,-40.410824
1,-167.0,31.462484
1,37.000004,-40.410824
3,25.0,-66.65827
3,-118.99993,-61.51355
2,-89.04752,-70.93688
1,-35.0,40.411167
2,-131.0,-68.93184
3,-149.0,-44.520546
0,103.0,-21.610788
1,103.0,-48.382748
1,97.0,-48.382748
1,-53.0,26.641325
0,-17.0,-11.032544
1,1.0,-26.642677
3,-11.0,-64.20024
2,-166.99992,-68.93184
2,-120.50503,-75.96482
3,61.0,-55.395123
0,175.00003,-52.007637
1,91.000015,-40.410824
1,-166.99992,-36.055874
0,79.0,-26.642677
0,-143.0,3.1561487e-09
1,-161.0,31.462484
0,-23.0,-61.51355
1,-47.0,-44.520546
1,-82.999985,-16.397549
1,-53.0,40.411167
3,-58.999992,-55.395123
0,-119.0,16.397871
0,-160.99991,-58.568237
3,37.000004,-55.395123
2,-22.995401,-71.31588
0,61.0,11.0323
3,175.00003,-48.382748
1,25.0,-44.520546
0,-131.0,-64.20024
0,-101.0,3.1561487e-09
3,-76.999985,-64.20024
3,-35.0,-64.20024
2,-171.74289,-75.79051
1,85.0,-26.642677
1,-47.0,31.462484
1,-41.0,-40.410824
3,-125.0,-44.520546
0,-131.0,3.1561487e-09
1,157.0,36.056435
3,103.0,-61.51355
2,-131.0,-66.65827
2,-142.94995,-70.95331
0,-17.0,-64.20024
1,-149.0,31.462484
1,151.0,40.411167
0,-29.0,21.61141
2,-41.748936,-76.176125
3,157.0,-44.520546
0,-41.0,5.5520205
0,73.0,-11.032544
3,-125.0,-48.382748
0,7.0,-11.032544
3,163.0,-40.410824
3,31.0,-55.395123
0,-94.999985,-11.032544
3,-70.999985,-58.568237
0,-5.0,-5.5518274
0,-101.0,5.5520205
1,61.0,-40.410824
3,-23.0,-64.20024
3,43.000004,-55.395123
1,163.0,-36.055874
2,-136.68127,-72.699905
2,-29.007303,-71.31452
3,-88.999985,-55.395123
1,-65.0,36.056435
1,-59.0,36.056435
3,-29.0,-66.65827
3,109.000046,-61.51355
2,-113.003174,-70.81603
3,-17.0,-58.568237
0,-118.99993,-64.20024
0,-107.0,-11.032544
3,-166.99992,-44.520546
3,73.0,-55.395123
1,-149.0,-40.410824
1,13.0,-44.520546
3,-125.0,-55.395123
0,-101.0,-58.568237
3,-149.0,-48.382748
0,-17.0,-16.397549
0,73.0,-31.462294
0,157.0,-61.51355
2,-58.999992,-68.93184
0,55.0,5.5520205
3,-23.0,-52.007637
2,-47.0,-66.65827
1,19.0,-44.520546
3,103.0,-44.520546
0,-173.0,-36.055874
3,-53.0,-55.395123
3,-101.0,-48.382748
1,-131.0,44.520535
3,-88.999985,-40.410824
1,-94.999985,-21.610788
3,-41.0,-48.382748
1,-143.0,26.641325
1,19.0,-48.382748
1,-65.0,21.61141
1,-149.0,36.056435
1,-149.0,52.003044
3,1.0,-64.20024
3,-82.999985,-61.51355
1,55.00001,-40.410824
0,79.0,-11.032544
1,-125.0,-40.410824
2,163.0,-64.20024
0,67.0,5.5520205
1,157.0,40.411167
1,-59.0,44.520535
3,-107.0,-48.382748
1,-59.0,48.383465
2,175.00003,-64.20024
1,175.0,48.383465
3,-17.0,-52.007637
3,7.0,-52.007637
3,151.0,36.056435
2,-17.0,-68.93184
0,-23.0,-16.397549
2,-101.0,-66.65827
3,-136.99995,-52.007637
1,-41.0,-36.055874
2,-160.99991,-68.93184
3,-149.0,-61.51355
0,97.0,-31.462294
1,-155.0,36.056435
1,-41.0,44.520535
3,-154.99991,-40.410824
0,-95.0,5.5520205
1,-53.0,-44.520546
2,133.0,-61.51355
1,-166.99992,-26.642677
3,-88.999985,-61.51355
0,85.0,11.0323
3,-149.0,-55.395123
3,91.000015,-52.007637
1,-17.0,-26.642677
2,-142.61906,-72.83185
0,-107.0,-5.5518274
3,97.0,-52.007637
0,-118.99993,-11.032544
1,1.0,-31.462294
3,7.0,-61.51355
1,37.000004,-36.055874
0,-58.999992,-52.007637
3,-131.0,-48.382748
1,-137.0,48.383465
1,175.0,16.397871
3,145.00002,-52.007637
3,55.00001,-55.395123
0,-137.0,5.5520205
3,37.000004,-64.20024
2,-136.9582,-70.90481
1,175.0,55.385616
3,43.000004,-64.20024
1,157.0,16.397871
3,-154.99991,-44.520546
0,-23.0,5.5520205
3,79.0,-48.382748
3,73.0,-58.568237
3,-131.0,-44.520546
1,-149.0,21.61141
3,-112.99993,-40.410824
0,-47.0,11.0323
1,-23.0,-26.642677
2,-41.031788,-71.284454
1,-173.0,-31.462294
0,-161.0,16.397871
0,91.000015,-21.610788
1,-71.0,31.462484
3,-112.99993,-55.395123
1,-167.0,48.383465
1,-101.0,-36.055874
0,-47.0,16.397871
3,-53.0,-48.382748
3,121.00004,-55.395123
1,-11.0,-44.520546
3,-23.0,55.385616
0,67.000015,-5.5518274
1,-161.0,36.056435
1,-161.0,52.003044
3,-35.0,48.383465
3,-143.0,-58.568237
3,-59.0,-58.568237
2,-82.999985,-68.93184
2,-107.01589,-70.82775
1,97.0,-36.055874
3,37.000004,-58.568237
0,-94.999985,-31.462294
3,-29.0,52.003044
0,-131.0,21.61141
3,67.000015,-64.20024
3,-149.0,-36.055874
0,-23.0,11.0323
3,91.000015,-44.520546
0,-131.0,-58.568237
1,-155.0,48.383465
1,-155.0,40.411167
2,-79.78833,-73.65288
1,-23.0,-48.382748
3,-154.99991,-52.007637
3,-136.99995,-61.51355
1,-29.0,31.462484
1,133.0,16.397871
1,-23.0,-40.410824
0,-112.99993,3.1561487e-09
0,-137.0,21.61141
3,19.0,-55.395123
3,-154.99991,-55.395123
0,-149.0,3.1561487e-09
1,31.0,-40.410824
3,-160.99991,-61.51355
0,-143.0,11.0323
2,-47.32332,-73.71652
1,-17.0,48.383465
3,55.00001,-61.51355
1,73.0,-44.520546
2,-143.0,-68.93184
1,-118.99993,-31.462294
1,-149.0,48.383465
3,7.0,-55.395123
3,-17.0,-48.382748
2,-53.0,-66.65827
2,-61.72587,-71.23117
1,-17.0,-44.520546
1,-131.0,-31.462294
3,151.00006,-48.382748
0,61.0,3.1561487e-09
1,-166.99992,-31.462294
3,-154.99991,-48.382748
3,1.0,-61.51355
3,127.0,-55.395123
2,-5.0,-68.93184
1,43.000004,-48.382748
3,97.0,-44.520546
3,-107.0,-55.395123
3,175.00003,-66.65827
1,-107.0,-40.410824
3,115.000015,-44.520546
1,-131.0,31.462484
3,79.0,-58.568237
0,-173.0,5.5520205
3,-41.0,-58.568237
1,-17.0,-40.410824
0,-143.0,16.397871
3,-53.0,-58.568237
3,85.0,-58.568237
2,-172.58337,-73.55199
1,-131.0,-40.410824
0,73.0,-21.610788
1,-118.99993,-21.610788
1,-167.0,36.056435
0,-125.0,-5.5518274
1,13.0,-48.382748
0,-118.99993,3.1561487e-09
3,109.000046,-55.395123
3,91.000015,-55.395123
3,-41.0,48.383465
3,-118.99993,-52.007637
1,-41.0,40.411167
1,-161.0,40.411167
1,-161.0,48.383465
3,-47.0,-64.20024
1,-131.0,36.056435
1,55.00001,-26.642677
0,85.0,-5.5518274
0,-149.0,16.397871
2,-94.999985,-64.20024
1,109.000046,-52.007637
1,-155.0,44.520535
2,-41.0,-66.65827
3,-131.0,-55.395123
0,151.00006,-61.51355
1,169.0,48.383465
0,-88.999985,-5.5518274
1,109.000046,-40.410824
3,25.0,-52.007637
3,133.0,-58.568237
1,-137.0,52.003044
1,-137.0,36.056435
3,-29.0,44.520535
1,-173.0,-26.642677
3,-5.0,-55.395123
0,-119.0,21.61141
0,85.0,3.1561487e-09
3,121.00004,-64.20024
3,-11.0,-48.382748
3,61.0,-58.568237
0,-17.0,3.1561487e-09
0,-11.0,-5.5518274
2,-11.0,-68.93184
1,25.0,-48.382748
1,175.0,26.641325
1,-35.0,-26.642677
3,-112.99993,-48.382748
0,-125.0,16.397871
1,-118.99993,-16.397549
3,-29.0,-64.20024
2,-35.0,-68.93184
2,-125.0,-66.65827
1,-35.0,-40.410824
1,-160.99991,-40.410824
1,-59.0,31.462484
1,-136.99995,-26.642677
1,-94.999985,-16.397549
0,49.0,-5.5518274
1,-88.999985,-44.520546
1,-154.99991,-26.642677
3,55.00001,-58.568237
3,133.0,-55.395123
3,-23.0,48.383465
0,67.000015,-16.397549
2,-76.999985,-66.65827
1,169.0,40.411167
1,67.000015,-26.642677
3,-58.999992,-58.568237
3,-166.99992,-52.007637
3,-47.0,-52.007637
0,-118.99993,-5.5518274
1,-41.0,31.462484
1,-47.0,36.056435
1,115.000015,-48.382748
0,85.0,-16.397549
3,-35.0,-48.382748
1,127.0,21.61141
1,151.0,31.462484
1,-173.0,31.462484
0,-29.0,16.397871
3,49.0,-64.20024
3,139.00003,-55.395123
2,-166.55072,-73.432594
3,79.0,-55.395123
2,-160.53806,-73.29084
3,-11.0,-58.568237
1,-101.0,-21.610788
1,-131.0,-36.055874
1,169.0,31.462484
0,-160.99991,3.1561487e-09
3,-23.0,-55.395123
2,-166.99992,-64.20024
2,-5.0,-66.65827
1,-160.99991,-31.462294
2,-166.9414,-71.154816
0,-155.0,5.5520205
3,-125.0,-58.568237
1,61.0,-26.642677
3,-76.999985,-58.568237
1,-88.999985,-31.462294
1,169.0,44.520535
1,7.0,-40.410824
1,-47.0,40.411167
3,-29.0,55.385616
3,1.0,-58.568237
0,-125.0,5.5520205
1,-143.0,21.61141
0,91.000015,-31.462294
2,1.0,-66.65827
1,31.0,-36.055874
3,-173.0,-48.382748
3,-154.99991,-36.055874
0,-59.0,5.5520205
0,91.000015,-5.5518274
2,121.00004,-61.51355
3,-149.0,-52.007637
1,121.00004,-40.410824
1,-143.0,52.003044
3,-64.999985,-58.568237
2,-53.385036,-73.62119
1,-107.0,-16.397549
3,-5.0,-48.382748
0,85.0,-11.032544
1,-137.0,40.411167
1,-53.0,21.61141
0,157.0,11.0323
1,49.0,-31.462294
0,-82.999985,-11.032544
2,-113.03243,-72.43685
0,79.0,-5.5518274
3,-136.99995,-40.410824
1,-173.0,40.411167
1,175.00003,-26.642677
1,-118.99993,-26.642677
3,85.0,-55.395123
3,67.000015,-61.51355
1,-5.0,-31.462294
2,-154.99991,-64.20024
3,61.0,-61.51355
1,-41.0,-44.520546
1,79.0,-44.520546
0,25.0,-64.20024
3,-58.999992,-61.51355
2,115.000015,-61.51355
0,79.0,-16.397549
3,13.0,-55.395123
3,163.0,36.056435
0,-137.0,16.397871
3,91.000015,-36.055874
2,-173.0,-68.93184
1,-17.0,-36.055874
1,-76.999985,-21.610788
2,-118.99993,-66.65827
0,-131.0,-5.5518274
1,-59.0,16.397871
1,97.0,-21.610788
3,151.00006,-55.395123
1,73.0,-40.410824
1,-131.0,40.411167
0,-107.0,5.5520205
3,-143.0,-36.055874
2,-101.0,-64.20024
0,-94.999985,-5.5518274
1,13.0,-36.055874
1,109.000046,-36.055874
1,-173.0,16.397871
1,67.000015,-40.410824
3,-101.0,-55.395123
3,121.00004,-58.568237
3,-23.0,52.003044
1,-118.99993,-36.055874
1,-17.0,-31.462294
0,1.0,-11.032544
1,-136.99995,-31.462294
0,-5.0,-21.610788
2,-23.0,-68.93184
0,169.0,-61.51355
1,-131.0,-16.397549
1,-41.0,36.056435
0,-29.0,-16.397549
3,145.00002,-48.382748
3,-173.0,-55.395123
2,-149.0,-66.65827
0,-47.0,21.61141
0,-112.99993,-11.032544
1,139.0,16.397871
1,-101.0,-40.410824
2,139.00003,-61.51355
3,61.0,-64.20024
2,-136.99995,-66.65827
0,-59.0,40.411167
3,157.0,-52.007637
0,-137.0,11.0323
0,91.000015,3.1561487e-09
2,-125.0,-64.20024
3,73.0,-61.51355
1,-173.0,44.520535
1,-94.999985,-36.055874
1,19.0,-40.410824
3,-149.0,-58.568237
0,-95.0,11.0323
3,-29.0,-52.007637
2,-29.0,-68.93184
0,163.0,-61.51355
2,-47.0,-68.93184
1,157.0,44.520535
3,43.000004,-61.51355
3,-136.99995,-58.568237
1,-82.999985,-40.410824
3,115.000015,-58.568237
3,-118.99993,-55.395123
1,103.0,-36.055874
3,97.0,-61.51355
1,-137.0,44.520535
2,-94.999985,-66.65827
3,-17.0,-55.395123
1,-35.0,21.61141
2,-58.999992,-64.20024
0,85.0,-21.610788
3,121.00004,-48.382748
0,91.000015,-11.032544
0,31.0,-61.51355
0,-35.0,11.0323
2,-118.99289,-70.818565
3,-47.0,-55.395123
0,-131.0,11.0323
1,-155.0,52.003044
3,-118.99993,-40.410824
1,157.0,31.462484
0,-167.0,11.0323
0,67.0,16.397871
3,-160.99991,-44.520546
3,145.00002,-58.568237
3,-131.0,-61.51355
3,-35.0,-66.65827
0,97.0,-16.397549
3,-94.999985,-55.395123
3,49.0,-58.568237
1,163.0,26.641325
2,151.00006,-64.20024
3,133.0,-48.382748
0,127.0,-58.568237
3,175.00003,-55.395123
3,-107.0,-61.51355
1,-17.0,40.411167
0,-136.99995,3.1561487e-09
0,-125.0,26.641325
0,79.0,-21.610788
0,-88.999985,-11.032544
1,-29.0,-36.055874
3,-143.0,-48.382748
3,-5.0,-64.20024
1,133.0,21.61141
0,1.0,3.1561487e-09
0,-29.0,3.1561487e-09
0,-101.0,-5.5518274
1,-143.0,36.056435
0,79.0,3.1561487e-09
2,-35.159245,-73.85876
3,-143.0,-55.395123
3,139.00003,-48.382748
0,-125.0,-11.032544
3,-47.0,-58.568237
2,-154.99991,-68.93184
3,-143.0,-61.51355
2,-154.5455,-73.12424
1,-35.0,31.462484
1,73.0,-26.642677
3,-23.0,44.520535
3,145.00002,-64.20024
2,-107.0,-68.93184
0,73.0,-16.397549
1,-23.0,-36.055874
3,-118.99993,-58.568237
1,151.0,21.61141
3,157.0,-48.382748
3,-70.999985,-61.51355
1,-35.0,26.641325
1,-41.0,-31.462294
0,-166.99992,-58.568237
1,-149.0,26.641325
3,-173.0,-61.51355
0,-113.0,5.5520205
1,-143.0,44.520535
1,103.0,-31.462294
3,-35.0,-58.568237
1,-107.0,-21.610788
1,-23.0,-44.520546
1,103.0,-26.642677
0,-125.0,-21.610788
3,-125.0,-52.007637
3,139.00003,-52.007637
2,-130.9683,-70.861465
3,-29.0,48.383465
0,-23.0,-5.5518274
1,37.000004,-31.462294
3,-17.0,52.003044
3,109.000046,-58.568237
3,121.00004,-44.520546
1,91.000015,-26.642677
2,175.03864,-71.26453
3,13.0,-61.51355
3,97.0,-58.568237
0,-47.0,55.385616
3,-17.0,-61.51355
1,-167.0,44.520535
2,169.0,-64.20024
0,-35.0,36.056435
3,31.0,-52.007637
1,1.0,-36.055874
1,-143.0,55.385616
2,-53.0,-68.93184
3,13.0,-64.20024
2,-154.94052,-71.05616
3,133.0,-52.007637
3,-166.99992,-40.410824
1,109.000046,-26.642677
1,-29.0,-44.520546
3,25.0,-61.51355
1,-71.0,26.641325
1,163.0,31.462484
0,109.000046,-31.462294
1,-112.99993,-31.462294
1,133.0,-40.410824
0,169.0,-5.5518274
1,-53.0,31.462484
0,1.0,-16.397549
1,-161.0,44.520535
3,43.000004,-58.568237
3,-82.999985,-64.20024
1,-5.0,-44.520546
2,31.0,-64.20024
1,-107.0,-36.055874
2,-11.0,-66.65827
3,37.000004,-52.007637
1,-59.0,21.61141
1,175.0,21.61141
3,-53.0,-52.007637
0,-101.0,11.0323
3,103.0,-58.568237
1,-94.999985,-40.410824
3,-160.99991,-52.007637
1,163.0,44.520535
3,-70.999985,-64.20024
1,-88.999985,-21.610788
2,-53.050125,-71.22034
0,67.000015,-11.032544
3,85.0,-64.20024
3,151.00006,-58.568237
3,-107.0,-58.568237
1,139.00003,-44.520546
1,175.0,40.411167
2,7.0,-66.65827
1,-137.0,26.641325
1,163.0,-31.462294
3,-149.0,-31.462294
1,-23.0,40.411167
1,-173.0,48.383465
1,67.000015,-36.055874
3,157.0,-40.410824
0,67.0,11.0323
3,55.00001,-64.20024
3,-88.999985,-58.568237
1,-47.0,26.641325
3,7.0,-64.20024
3,61.0,-44.520546
0,-35.0,5.5520205
0,-166.99992,-5.5518274
1,-59.0,40.411167
2,-124.97978,-70.83429
0,55.00001,-16.397549
3,49.0,-61.51355
3,-58.999992,-66.65827
1,121.00004,-52.007637
3,-82.999985,-55.395123
0,151.0,52.003044
2,-173.0,-64.20024
3,145.00002,-55.395123
2,-154.99991,-66.65827
3,-23.0,-66.65827
3,25.0,-58.568237
3,163.0,-55.395123
3,-11.0,-52.007637
1,157.0,26.641325
2,-148.94379,-71.0053
1,-125.0,-31.462294
2,-172.94562,-71.19682
1,-47.0,-36.055874
3,-154.99991,-58.568237
1,-101.0,-16.397549
0,-35.0,-36.055874
3,13.0,-58.568237
3,-82.999985,-58.568237
2,-101.0,-68.93184
1,-41.0,21.61141
0,-131.0,26.641325
0,163.0,3.1561487e-09
3,133.0,-44.520546
1,61.0,-48.382748
0,-112.99993,-5.5518274
1,-143.0,40.411167
2,175.00003,-68.93184
3,-112.99993,-52.007637
0,169.0,-55.395123
0,-11.0,-16.397549
1,-155.0,31.462484
0,67.000015,3.1561487e-09
1,85.0,-44.520546
1,-59.0,31.462484
2,-17.0,-66.65827
1,-17.0,44.520535
3,-112.99993,-44.520546
3,103.0,-40.410824
3,19.0,-64.20024
3,-143.0,-44.520546
