file_name,lat,lon
eta_lat_m0p009682_lon_m11p010422.npy,-0.009682,-11.010422
eta_lat_m0p009682_lon_m17p010422.npy,-0.009682,-17.010422
eta_lat_m0p009682_lon_m23p010422.npy,-0.009682,-23.010422
eta_lat_m0p009682_lon_m29p010422.npy,-0.009682,-29.010422
eta_lat_m0p009682_lon_m35p010422.npy,-0.009682,-35.010422
eta_lat_m0p009682_lon_m5p010422.npy,-0.009682,-5.010422
eta_lat_m0p009682_lon_p0p989578.npy,-0.009682,0.989578
eta_lat_m0p009682_lon_p54p989578.npy,-0.009682,54.989578
eta_lat_m0p009682_lon_p60p989578.npy,-0.009682,60.989578
eta_lat_m0p009682_lon_p66p989594.npy,-0.009682,66.989594
eta_lat_m0p009682_lon_p78p989594.npy,-0.009682,78.989594
eta_lat_m0p009682_lon_p84p989594.npy,-0.009682,84.989594
eta_lat_m0p009682_lon_p90p989594.npy,-0.009682,90.989594
eta_lat_m11p027672_lon_m101p010414.npy,-11.027672,-101.010414
eta_lat_m11p027672_lon_m107p010414.npy,-11.027672,-107.010414
eta_lat_m11p027672_lon_m113p010414.npy,-11.027672,-113.010414
eta_lat_m11p027672_lon_m119p010414.npy,-11.027672,-119.010414
eta_lat_m11p027672_lon_m11p010422.npy,-11.027672,-11.010422
eta_lat_m11p027672_lon_m125p010414.npy,-11.027672,-125.010414
eta_lat_m11p027672_lon_m131p010422.npy,-11.027672,-131.010422
eta_lat_m11p027672_lon_m17p010422.npy,-11.027672,-17.010422
eta_lat_m11p027672_lon_m23p010422.npy,-11.027672,-23.010422
eta_lat_m11p027672_lon_m29p010422.npy,-11.027672,-29.010422
eta_lat_m11p027672_lon_m83p010414.npy,-11.027672,-83.010414
eta_lat_m11p027672_lon_m89p010414.npy,-11.027672,-89.010414
eta_lat_m11p027672_lon_m95p010414.npy,-11.027672,-95.010414
eta_lat_m11p027672_lon_p0p989578.npy,-11.027672,0.989578
eta_lat_m11p027672_lon_p66p989594.npy,-11.027672,66.989594
eta_lat_m11p027672_lon_p6p989578.npy,-11.027672,6.989578
eta_lat_m11p027672_lon_p72p989594.npy,-11.027672,72.989594
eta_lat_m11p027672_lon_p78p989594.npy,-11.027672,78.989594
eta_lat_m11p027672_lon_p84p989594.npy,-11.027672,84.989594
eta_lat_m11p027672_lon_p90p989594.npy,-11.027672,90.989594
eta_lat_m16p395037_lon_m101p010414.npy,-16.395037,-101.010414
eta_lat_m16p395037_lon_m107p010414.npy,-16.395037,-107.010414
eta_lat_m16p395037_lon_m113p010414.npy,-16.395037,-113.010414
eta_lat_m16p395037_lon_m119p010414.npy,-16.395037,-119.010414
eta_lat_m16p395037_lon_m11p010422.npy,-16.395037,-11.010422
eta_lat_m16p395037_lon_m125p010414.npy,-16.395037,-125.010414
eta_lat_m16p395037_lon_m131p010422.npy,-16.395037,-131.010422
eta_lat_m16p395037_lon_m17p010422.npy,-16.395037,-17.010422
eta_lat_m16p395037_lon_m23p010422.npy,-16.395037,-23.010422
eta_lat_m16p395037_lon_m29p010422.npy,-16.395037,-29.010422
eta_lat_m16p395037_lon_m83p010414.npy,-16.395037,-83.010414
eta_lat_m16p395037_lon_m89p010414.npy,-16.395037,-89.010414
eta_lat_m16p395037_lon_m95p010414.npy,-16.395037,-95.010414
eta_lat_m16p395037_lon_p0p989578.npy,-16.395037,0.989578
eta_lat_m16p395037_lon_p102p989594.npy,-16.395037,102.989594
eta_lat_m16p395037_lon_p108p989594.npy,-16.395037,108.989594
eta_lat_m16p395037_lon_p54p989578.npy,-16.395037,54.989578
eta_lat_m16p395037_lon_p66p989594.npy,-16.395037,66.989594
eta_lat_m16p395037_lon_p6p989578.npy,-16.395037,6.989578
eta_lat_m16p395037_lon_p72p989594.npy,-16.395037,72.989594
eta_lat_m16p395037_lon_p78p989594.npy,-16.395037,78.989594
eta_lat_m16p395037_lon_p84p989594.npy,-16.395037,84.989594
eta_lat_m16p395037_lon_p90p989594.npy,-16.395037,90.989594
eta_lat_m16p395037_lon_p96p989594.npy,-16.395037,96.989594
eta_lat_m21p610189_lon_m101p010414.npy,-21.610189,-101.010414
eta_lat_m21p610189_lon_m107p010414.npy,-21.610189,-107.010414
eta_lat_m21p610189_lon_m113p010414.npy,-21.610189,-113.010414
eta_lat_m21p610189_lon_m119p010414.npy,-21.610189,-119.010414
eta_lat_m21p610189_lon_m11p010422.npy,-21.610189,-11.010422
eta_lat_m21p610189_lon_m125p010414.npy,-21.610189,-125.010414
eta_lat_m21p610189_lon_m131p010422.npy,-21.610189,-131.010422
eta_lat_m21p610189_lon_m17p010422.npy,-21.610189,-17.010422
eta_lat_m21p610189_lon_m23p010422.npy,-21.610189,-23.010422
eta_lat_m21p610189_lon_m5p010422.npy,-21.610189,-5.010422
eta_lat_m21p610189_lon_m77p010414.npy,-21.610189,-77.010414
eta_lat_m21p610189_lon_m89p010414.npy,-21.610189,-89.010414
eta_lat_m21p610189_lon_m95p010414.npy,-21.610189,-95.010414
eta_lat_m21p610189_lon_p0p989578.npy,-21.610189,0.989578
eta_lat_m21p610189_lon_p102p989594.npy,-21.610189,102.989594
eta_lat_m21p610189_lon_p108p989594.npy,-21.610189,108.989594
eta_lat_m21p610189_lon_p72p989594.npy,-21.610189,72.989594
eta_lat_m21p610189_lon_p78p989594.npy,-21.610189,78.989594
eta_lat_m21p610189_lon_p84p989594.npy,-21.610189,84.989594
eta_lat_m21p610189_lon_p90p989594.npy,-21.610189,90.989594
eta_lat_m21p610189_lon_p96p989594.npy,-21.610189,96.989594
eta_lat_m26p641497_lon_m113p010414.npy,-26.641497,-113.010414
eta_lat_m26p641497_lon_m119p010414.npy,-26.641497,-119.010414
eta_lat_m26p641497_lon_m11p010422.npy,-26.641497,-11.010422
eta_lat_m26p641497_lon_m137p010422.npy,-26.641497,-137.010422
eta_lat_m26p641497_lon_m155p010422.npy,-26.641497,-155.010422
eta_lat_m26p641497_lon_m161p010422.npy,-26.641497,-161.010422
eta_lat_m26p641497_lon_m167p010422.npy,-26.641497,-167.010422
eta_lat_m26p641497_lon_m173p010422.npy,-26.641497,-173.010422
eta_lat_m26p641497_lon_m17p010422.npy,-26.641497,-17.010422
eta_lat_m26p641497_lon_m23p010422.npy,-26.641497,-23.010422
eta_lat_m26p641497_lon_m29p010422.npy,-26.641497,-29.010422
eta_lat_m26p641497_lon_m35p010422.npy,-26.641497,-35.010422
eta_lat_m26p641497_lon_m5p010422.npy,-26.641497,-5.010422
eta_lat_m26p641497_lon_p0p989578.npy,-26.641497,0.989578
eta_lat_m26p641497_lon_p102p989594.npy,-26.641497,102.989594
eta_lat_m26p641497_lon_p108p989594.npy,-26.641497,108.989594
eta_lat_m26p641497_lon_p174p989563.npy,-26.641497,174.989563
eta_lat_m26p641497_lon_p54p989578.npy,-26.641497,54.989578
eta_lat_m26p641497_lon_p60p989578.npy,-26.641497,60.989578
eta_lat_m26p641497_lon_p66p989594.npy,-26.641497,66.989594
eta_lat_m26p641497_lon_p6p989578.npy,-26.641497,6.989578
eta_lat_m26p641497_lon_p72p989594.npy,-26.641497,72.989594
eta_lat_m26p641497_lon_p78p989594.npy,-26.641497,78.989594
eta_lat_m26p641497_lon_p84p989594.npy,-26.641497,84.989594
eta_lat_m26p641497_lon_p90p989594.npy,-26.641497,90.989594
eta_lat_m26p641497_lon_p96p989594.npy,-26.641497,96.989594
eta_lat_m31p463802_lon_m101p010414.npy,-31.463802,-101.010414
eta_lat_m31p463802_lon_m107p010414.npy,-31.463802,-107.010414
eta_lat_m31p463802_lon_m113p010414.npy,-31.463802,-113.010414
eta_lat_m31p463802_lon_m119p010414.npy,-31.463802,-119.010414
eta_lat_m31p463802_lon_m11p010422.npy,-31.463802,-11.010422
eta_lat_m31p463802_lon_m125p010414.npy,-31.463802,-125.010414
eta_lat_m31p463802_lon_m131p010422.npy,-31.463802,-131.010422
eta_lat_m31p463802_lon_m137p010422.npy,-31.463802,-137.010422
eta_lat_m31p463802_lon_m143p010422.npy,-31.463802,-143.010422
eta_lat_m31p463802_lon_m149p010422.npy,-31.463802,-149.010422
eta_lat_m31p463802_lon_m155p010422.npy,-31.463802,-155.010422
eta_lat_m31p463802_lon_m161p010422.npy,-31.463802,-161.010422
eta_lat_m31p463802_lon_m167p010422.npy,-31.463802,-167.010422
eta_lat_m31p463802_lon_m173p010422.npy,-31.463802,-173.010422
eta_lat_m31p463802_lon_m17p010422.npy,-31.463802,-17.010422
eta_lat_m31p463802_lon_m23p010422.npy,-31.463802,-23.010422
eta_lat_m31p463802_lon_m29p010422.npy,-31.463802,-29.010422
eta_lat_m31p463802_lon_m35p010422.npy,-31.463802,-35.010422
eta_lat_m31p463802_lon_m41p010422.npy,-31.463802,-41.010422
eta_lat_m31p463802_lon_m5p010422.npy,-31.463802,-5.010422
eta_lat_m31p463802_lon_m89p010414.npy,-31.463802,-89.010414
eta_lat_m31p463802_lon_m95p010414.npy,-31.463802,-95.010414
eta_lat_m31p463802_lon_p0p989578.npy,-31.463802,0.989578
eta_lat_m31p463802_lon_p102p989594.npy,-31.463802,102.989594
eta_lat_m31p463802_lon_p108p989594.npy,-31.463802,108.989594
eta_lat_m31p463802_lon_p162p989563.npy,-31.463802,162.989563
eta_lat_m31p463802_lon_p174p989563.npy,-31.463802,174.989563
eta_lat_m31p463802_lon_p36p989578.npy,-31.463802,36.989578
eta_lat_m31p463802_lon_p48p989578.npy,-31.463802,48.989578
eta_lat_m31p463802_lon_p54p989578.npy,-31.463802,54.989578
eta_lat_m31p463802_lon_p60p989578.npy,-31.463802,60.989578
eta_lat_m31p463802_lon_p66p989594.npy,-31.463802,66.989594
eta_lat_m31p463802_lon_p72p989594.npy,-31.463802,72.989594
eta_lat_m31p463802_lon_p78p989594.npy,-31.463802,78.989594
eta_lat_m31p463802_lon_p84p989594.npy,-31.463802,84.989594
eta_lat_m31p463802_lon_p90p989594.npy,-31.463802,90.989594
eta_lat_m31p463802_lon_p96p989594.npy,-31.463802,96.989594
eta_lat_m36p058659_lon_m101p010414.npy,-36.058659,-101.010414
eta_lat_m36p058659_lon_m107p010414.npy,-36.058659,-107.010414
eta_lat_m36p058659_lon_m113p010414.npy,-36.058659,-113.010414
eta_lat_m36p058659_lon_m119p010414.npy,-36.058659,-119.010414
eta_lat_m36p058659_lon_m131p010422.npy,-36.058659,-131.010422
eta_lat_m36p058659_lon_m137p010422.npy,-36.058659,-137.010422
eta_lat_m36p058659_lon_m143p010422.npy,-36.058659,-143.010422
eta_lat_m36p058659_lon_m149p010422.npy,-36.058659,-149.010422
eta_lat_m36p058659_lon_m155p010422.npy,-36.058659,-155.010422
eta_lat_m36p058659_lon_m161p010422.npy,-36.058659,-161.010422
eta_lat_m36p058659_lon_m167p010422.npy,-36.058659,-167.010422
eta_lat_m36p058659_lon_m173p010422.npy,-36.058659,-173.010422
eta_lat_m36p058659_lon_m17p010422.npy,-36.058659,-17.010422
eta_lat_m36p058659_lon_m23p010422.npy,-36.058659,-23.010422
eta_lat_m36p058659_lon_m29p010422.npy,-36.058659,-29.010422
eta_lat_m36p058659_lon_m35p010422.npy,-36.058659,-35.010422
eta_lat_m36p058659_lon_m41p010422.npy,-36.058659,-41.010422
eta_lat_m36p058659_lon_m47p010422.npy,-36.058659,-47.010422
eta_lat_m36p058659_lon_m89p010414.npy,-36.058659,-89.010414
eta_lat_m36p058659_lon_m95p010414.npy,-36.058659,-95.010414
eta_lat_m36p058659_lon_p0p989578.npy,-36.058659,0.989578
eta_lat_m36p058659_lon_p102p989594.npy,-36.058659,102.989594
eta_lat_m36p058659_lon_p108p989594.npy,-36.058659,108.989594
eta_lat_m36p058659_lon_p12p989578.npy,-36.058659,12.989578
eta_lat_m36p058659_lon_p162p989563.npy,-36.058659,162.989563
eta_lat_m36p058659_lon_p30p989578.npy,-36.058659,30.989578
eta_lat_m36p058659_lon_p36p989578.npy,-36.058659,36.989578
eta_lat_m36p058659_lon_p42p989578.npy,-36.058659,42.989578
eta_lat_m36p058659_lon_p48p989578.npy,-36.058659,48.989578
eta_lat_m36p058659_lon_p60p989578.npy,-36.058659,60.989578
eta_lat_m36p058659_lon_p66p989594.npy,-36.058659,66.989594
eta_lat_m36p058659_lon_p6p989578.npy,-36.058659,6.989578
eta_lat_m36p058659_lon_p72p989594.npy,-36.058659,72.989594
eta_lat_m36p058659_lon_p84p989594.npy,-36.058659,84.989594
eta_lat_m36p058659_lon_p90p989594.npy,-36.058659,90.989594
eta_lat_m36p058659_lon_p96p989594.npy,-36.058659,96.989594
eta_lat_m40p414062_lon_m101p010414.npy,-40.414062,-101.010414
eta_lat_m40p414062_lon_m107p010414.npy,-40.414062,-107.010414
eta_lat_m40p414062_lon_m113p010414.npy,-40.414062,-113.010414
eta_lat_m40p414062_lon_m119p010414.npy,-40.414062,-119.010414
eta_lat_m40p414062_lon_m125p010414.npy,-40.414062,-125.010414
eta_lat_m40p414062_lon_m131p010422.npy,-40.414062,-131.010422
eta_lat_m40p414062_lon_m137p010422.npy,-40.414062,-137.010422
eta_lat_m40p414062_lon_m143p010422.npy,-40.414062,-143.010422
eta_lat_m40p414062_lon_m149p010422.npy,-40.414062,-149.010422
eta_lat_m40p414062_lon_m155p010422.npy,-40.414062,-155.010422
eta_lat_m40p414062_lon_m161p010422.npy,-40.414062,-161.010422
eta_lat_m40p414062_lon_m167p010422.npy,-40.414062,-167.010422
eta_lat_m40p414062_lon_m173p010422.npy,-40.414062,-173.010422
eta_lat_m40p414062_lon_m17p010422.npy,-40.414062,-17.010422
eta_lat_m40p414062_lon_m23p010422.npy,-40.414062,-23.010422
eta_lat_m40p414062_lon_m29p010422.npy,-40.414062,-29.010422
eta_lat_m40p414062_lon_m35p010422.npy,-40.414062,-35.010422
eta_lat_m40p414062_lon_m41p010422.npy,-40.414062,-41.010422
eta_lat_m40p414062_lon_m47p010422.npy,-40.414062,-47.010422
eta_lat_m40p414062_lon_m83p010414.npy,-40.414062,-83.010414
eta_lat_m40p414062_lon_m89p010414.npy,-40.414062,-89.010414
eta_lat_m40p414062_lon_m95p010414.npy,-40.414062,-95.010414
eta_lat_m40p414062_lon_p102p989594.npy,-40.414062,102.989594
eta_lat_m40p414062_lon_p108p989594.npy,-40.414062,108.989594
eta_lat_m40p414062_lon_p114p989594.npy,-40.414062,114.989594
eta_lat_m40p414062_lon_p120p989594.npy,-40.414062,120.989594
eta_lat_m40p414062_lon_p126p989594.npy,-40.414062,126.989594
eta_lat_m40p414062_lon_p12p989578.npy,-40.414062,12.989578
eta_lat_m40p414062_lon_p132p989563.npy,-40.414062,132.989563
eta_lat_m40p414062_lon_p156p989563.npy,-40.414062,156.989563
eta_lat_m40p414062_lon_p162p989563.npy,-40.414062,162.989563
eta_lat_m40p414062_lon_p18p989578.npy,-40.414062,18.989578
eta_lat_m40p414062_lon_p24p989578.npy,-40.414062,24.989578
eta_lat_m40p414062_lon_p30p989578.npy,-40.414062,30.989578
eta_lat_m40p414062_lon_p36p989578.npy,-40.414062,36.989578
eta_lat_m40p414062_lon_p42p989578.npy,-40.414062,42.989578
eta_lat_m40p414062_lon_p48p989578.npy,-40.414062,48.989578
eta_lat_m40p414062_lon_p54p989578.npy,-40.414062,54.989578
eta_lat_m40p414062_lon_p60p989578.npy,-40.414062,60.989578
eta_lat_m40p414062_lon_p66p989594.npy,-40.414062,66.989594
eta_lat_m40p414062_lon_p6p989578.npy,-40.414062,6.989578
eta_lat_m40p414062_lon_p72p989594.npy,-40.414062,72.989594
eta_lat_m40p414062_lon_p84p989594.npy,-40.414062,84.989594
eta_lat_m40p414062_lon_p90p989594.npy,-40.414062,90.989594
eta_lat_m40p414062_lon_p96p989594.npy,-40.414062,96.989594
eta_lat_m44p523903_lon_m107p010414.npy,-44.523903,-107.010414
eta_lat_m44p523903_lon_m113p010414.npy,-44.523903,-113.010414
eta_lat_m44p523903_lon_m119p010414.npy,-44.523903,-119.010414
eta_lat_m44p523903_lon_m11p010422.npy,-44.523903,-11.010422
eta_lat_m44p523903_lon_m125p010414.npy,-44.523903,-125.010414
eta_lat_m44p523903_lon_m131p010422.npy,-44.523903,-131.010422
eta_lat_m44p523903_lon_m137p010422.npy,-44.523903,-137.010422
eta_lat_m44p523903_lon_m143p010422.npy,-44.523903,-143.010422
eta_lat_m44p523903_lon_m149p010422.npy,-44.523903,-149.010422
eta_lat_m44p523903_lon_m155p010422.npy,-44.523903,-155.010422
eta_lat_m44p523903_lon_m161p010422.npy,-44.523903,-161.010422
eta_lat_m44p523903_lon_m167p010422.npy,-44.523903,-167.010422
eta_lat_m44p523903_lon_m17p010422.npy,-44.523903,-17.010422
eta_lat_m44p523903_lon_m23p010422.npy,-44.523903,-23.010422
eta_lat_m44p523903_lon_m29p010422.npy,-44.523903,-29.010422
eta_lat_m44p523903_lon_m35p010422.npy,-44.523903,-35.010422
eta_lat_m44p523903_lon_m41p010422.npy,-44.523903,-41.010422
eta_lat_m44p523903_lon_m47p010422.npy,-44.523903,-47.010422
eta_lat_m44p523903_lon_m53p010422.npy,-44.523903,-53.010422
eta_lat_m44p523903_lon_m5p010422.npy,-44.523903,-5.010422
eta_lat_m44p523903_lon_m89p010414.npy,-44.523903,-89.010414
eta_lat_m44p523903_lon_p102p989594.npy,-44.523903,102.989594
eta_lat_m44p523903_lon_p108p989594.npy,-44.523903,108.989594
eta_lat_m44p523903_lon_p114p989594.npy,-44.523903,114.989594
eta_lat_m44p523903_lon_p120p989594.npy,-44.523903,120.989594
eta_lat_m44p523903_lon_p126p989594.npy,-44.523903,126.989594
eta_lat_m44p523903_lon_p12p989578.npy,-44.523903,12.989578
eta_lat_m44p523903_lon_p132p989563.npy,-44.523903,132.989563
eta_lat_m44p523903_lon_p138p989563.npy,-44.523903,138.989563
eta_lat_m44p523903_lon_p156p989563.npy,-44.523903,156.989563
eta_lat_m44p523903_lon_p18p989578.npy,-44.523903,18.989578
eta_lat_m44p523903_lon_p24p989578.npy,-44.523903,24.989578
eta_lat_m44p523903_lon_p30p989578.npy,-44.523903,30.989578
eta_lat_m44p523903_lon_p36p989578.npy,-44.523903,36.989578
eta_lat_m44p523903_lon_p42p989578.npy,-44.523903,42.989578
eta_lat_m44p523903_lon_p60p989578.npy,-44.523903,60.989578
eta_lat_m44p523903_lon_p66p989594.npy,-44.523903,66.989594
eta_lat_m44p523903_lon_p6p989578.npy,-44.523903,6.989578
eta_lat_m44p523903_lon_p72p989594.npy,-44.523903,72.989594
eta_lat_m44p523903_lon_p78p989594.npy,-44.523903,78.989594
eta_lat_m44p523903_lon_p84p989594.npy,-44.523903,84.989594
eta_lat_m44p523903_lon_p90p989594.npy,-44.523903,90.989594
eta_lat_m44p523903_lon_p96p989594.npy,-44.523903,96.989594
eta_lat_m48p374134_lon_m101p010414.npy,-48.374134,-101.010414
eta_lat_m48p374134_lon_m107p010414.npy,-48.374134,-107.010414
eta_lat_m48p374134_lon_m113p010414.npy,-48.374134,-113.010414
eta_lat_m48p374134_lon_m119p010414.npy,-48.374134,-119.010414
eta_lat_m48p374134_lon_m11p010422.npy,-48.374134,-11.010422
eta_lat_m48p374134_lon_m125p010414.npy,-48.374134,-125.010414
eta_lat_m48p374134_lon_m131p010422.npy,-48.374134,-131.010422
eta_lat_m48p374134_lon_m137p010422.npy,-48.374134,-137.010422
eta_lat_m48p374134_lon_m143p010422.npy,-48.374134,-143.010422
eta_lat_m48p374134_lon_m149p010422.npy,-48.374134,-149.010422
eta_lat_m48p374134_lon_m155p010422.npy,-48.374134,-155.010422
eta_lat_m48p374134_lon_m161p010422.npy,-48.374134,-161.010422
eta_lat_m48p374134_lon_m167p010422.npy,-48.374134,-167.010422
eta_lat_m48p374134_lon_m173p010422.npy,-48.374134,-173.010422
eta_lat_m48p374134_lon_m17p010422.npy,-48.374134,-17.010422
eta_lat_m48p374134_lon_m23p010422.npy,-48.374134,-23.010422
eta_lat_m48p374134_lon_m29p010422.npy,-48.374134,-29.010422
eta_lat_m48p374134_lon_m35p010422.npy,-48.374134,-35.010422
eta_lat_m48p374134_lon_m41p010422.npy,-48.374134,-41.010422
eta_lat_m48p374134_lon_m47p010422.npy,-48.374134,-47.010422
eta_lat_m48p374134_lon_m53p010422.npy,-48.374134,-53.010422
eta_lat_m48p374134_lon_m5p010422.npy,-48.374134,-5.010422
eta_lat_m48p374134_lon_m83p010414.npy,-48.374134,-83.010414
eta_lat_m48p374134_lon_m89p010414.npy,-48.374134,-89.010414
eta_lat_m48p374134_lon_m95p010414.npy,-48.374134,-95.010414
eta_lat_m48p374134_lon_p0p989578.npy,-48.374134,0.989578
eta_lat_m48p374134_lon_p102p989594.npy,-48.374134,102.989594
eta_lat_m48p374134_lon_p108p989594.npy,-48.374134,108.989594
eta_lat_m48p374134_lon_p114p989594.npy,-48.374134,114.989594
eta_lat_m48p374134_lon_p120p989594.npy,-48.374134,120.989594
eta_lat_m48p374134_lon_p126p989594.npy,-48.374134,126.989594
eta_lat_m48p374134_lon_p12p989578.npy,-48.374134,12.989578
eta_lat_m48p374134_lon_p132p989563.npy,-48.374134,132.989563
eta_lat_m48p374134_lon_p138p989563.npy,-48.374134,138.989563
eta_lat_m48p374134_lon_p144p989563.npy,-48.374134,144.989563
eta_lat_m48p374134_lon_p150p989563.npy,-48.374134,150.989563
eta_lat_m48p374134_lon_p156p989563.npy,-48.374134,156.989563
eta_lat_m48p374134_lon_p174p989563.npy,-48.374134,174.989563
eta_lat_m48p374134_lon_p18p989578.npy,-48.374134,18.989578
eta_lat_m48p374134_lon_p24p989578.npy,-48.374134,24.989578
eta_lat_m48p374134_lon_p30p989578.npy,-48.374134,30.989578
eta_lat_m48p374134_lon_p42p989578.npy,-48.374134,42.989578
eta_lat_m48p374134_lon_p60p989578.npy,-48.374134,60.989578
eta_lat_m48p374134_lon_p78p989594.npy,-48.374134,78.989594
eta_lat_m48p374134_lon_p84p989594.npy,-48.374134,84.989594
eta_lat_m48p374134_lon_p90p989594.npy,-48.374134,90.989594
eta_lat_m48p374134_lon_p96p989594.npy,-48.374134,96.989594
eta_lat_m51p994694_lon_m101p010414.npy,-51.994694,-101.010414
eta_lat_m51p994694_lon_m107p010414.npy,-51.994694,-107.010414
eta_lat_m51p994694_lon_m113p010414.npy,-51.994694,-113.010414
eta_lat_m51p994694_lon_m119p010414.npy,-51.994694,-119.010414
eta_lat_m51p994694_lon_m11p010422.npy,-51.994694,-11.010422
eta_lat_m51p994694_lon_m125p010414.npy,-51.994694,-125.010414
eta_lat_m51p994694_lon_m131p010422.npy,-51.994694,-131.010422
eta_lat_m51p994694_lon_m137p010422.npy,-51.994694,-137.010422
eta_lat_m51p994694_lon_m149p010422.npy,-51.994694,-149.010422
eta_lat_m51p994694_lon_m155p010422.npy,-51.994694,-155.010422
eta_lat_m51p994694_lon_m161p010422.npy,-51.994694,-161.010422
eta_lat_m51p994694_lon_m167p010422.npy,-51.994694,-167.010422
eta_lat_m51p994694_lon_m173p010422.npy,-51.994694,-173.010422
eta_lat_m51p994694_lon_m17p010422.npy,-51.994694,-17.010422
eta_lat_m51p994694_lon_m23p010422.npy,-51.994694,-23.010422
eta_lat_m51p994694_lon_m29p010422.npy,-51.994694,-29.010422
eta_lat_m51p994694_lon_m47p010422.npy,-51.994694,-47.010422
eta_lat_m51p994694_lon_m53p010422.npy,-51.994694,-53.010422
eta_lat_m51p994694_lon_m5p010422.npy,-51.994694,-5.010422
eta_lat_m51p994694_lon_m83p010414.npy,-51.994694,-83.010414
eta_lat_m51p994694_lon_m89p010414.npy,-51.994694,-89.010414
eta_lat_m51p994694_lon_m95p010414.npy,-51.994694,-95.010414
eta_lat_m51p994694_lon_p0p989578.npy,-51.994694,0.989578
eta_lat_m51p994694_lon_p102p989594.npy,-51.994694,102.989594
eta_lat_m51p994694_lon_p108p989594.npy,-51.994694,108.989594
eta_lat_m51p994694_lon_p114p989594.npy,-51.994694,114.989594
eta_lat_m51p994694_lon_p120p989594.npy,-51.994694,120.989594
eta_lat_m51p994694_lon_p126p989594.npy,-51.994694,126.989594
eta_lat_m51p994694_lon_p12p989578.npy,-51.994694,12.989578
eta_lat_m51p994694_lon_p132p989563.npy,-51.994694,132.989563
eta_lat_m51p994694_lon_p138p989563.npy,-51.994694,138.989563
eta_lat_m51p994694_lon_p144p989563.npy,-51.994694,144.989563
eta_lat_m51p994694_lon_p150p989563.npy,-51.994694,150.989563
eta_lat_m51p994694_lon_p156p989563.npy,-51.994694,156.989563
eta_lat_m51p994694_lon_p174p989563.npy,-51.994694,174.989563
eta_lat_m51p994694_lon_p18p989578.npy,-51.994694,18.989578
eta_lat_m51p994694_lon_p24p989578.npy,-51.994694,24.989578
eta_lat_m51p994694_lon_p30p989578.npy,-51.994694,30.989578
eta_lat_m51p994694_lon_p36p989578.npy,-51.994694,36.989578
eta_lat_m51p994694_lon_p60p989578.npy,-51.994694,60.989578
eta_lat_m51p994694_lon_p6p989578.npy,-51.994694,6.989578
eta_lat_m51p994694_lon_p84p989594.npy,-51.994694,84.989594
eta_lat_m51p994694_lon_p90p989594.npy,-51.994694,90.989594
eta_lat_m51p994694_lon_p96p989594.npy,-51.994694,96.989594
eta_lat_m52p006847_lon_m101p010414.npy,-52.006847,-101.010414
eta_lat_m52p006847_lon_m107p010414.npy,-52.006847,-107.010414
eta_lat_m52p006847_lon_m113p010414.npy,-52.006847,-113.010414
eta_lat_m52p006847_lon_m119p010414.npy,-52.006847,-119.010414
eta_lat_m52p006847_lon_m11p010422.npy,-52.006847,-11.010422
eta_lat_m52p006847_lon_m125p010414.npy,-52.006847,-125.010414
eta_lat_m52p006847_lon_m131p010422.npy,-52.006847,-131.010422
eta_lat_m52p006847_lon_m137p010422.npy,-52.006847,-137.010422
eta_lat_m52p006847_lon_m149p010422.npy,-52.006847,-149.010422
eta_lat_m52p006847_lon_m155p010422.npy,-52.006847,-155.010422
eta_lat_m52p006847_lon_m161p010422.npy,-52.006847,-161.010422
eta_lat_m52p006847_lon_m167p010422.npy,-52.006847,-167.010422
eta_lat_m52p006847_lon_m173p010422.npy,-52.006847,-173.010422
eta_lat_m52p006847_lon_m17p010422.npy,-52.006847,-17.010422
eta_lat_m52p006847_lon_m23p010422.npy,-52.006847,-23.010422
eta_lat_m52p006847_lon_m29p010422.npy,-52.006847,-29.010422
eta_lat_m52p006847_lon_m47p010422.npy,-52.006847,-47.010422
eta_lat_m52p006847_lon_m53p010422.npy,-52.006847,-53.010422
eta_lat_m52p006847_lon_m5p010422.npy,-52.006847,-5.010422
eta_lat_m52p006847_lon_m83p010414.npy,-52.006847,-83.010414
eta_lat_m52p006847_lon_m89p010414.npy,-52.006847,-89.010414
eta_lat_m52p006847_lon_m95p010414.npy,-52.006847,-95.010414
eta_lat_m52p006847_lon_p0p989578.npy,-52.006847,0.989578
eta_lat_m52p006847_lon_p102p989594.npy,-52.006847,102.989594
eta_lat_m52p006847_lon_p108p989594.npy,-52.006847,108.989594
eta_lat_m52p006847_lon_p114p989594.npy,-52.006847,114.989594
eta_lat_m52p006847_lon_p120p989594.npy,-52.006847,120.989594
eta_lat_m52p006847_lon_p126p989594.npy,-52.006847,126.989594
eta_lat_m52p006847_lon_p12p989578.npy,-52.006847,12.989578
eta_lat_m52p006847_lon_p132p989563.npy,-52.006847,132.989563
eta_lat_m52p006847_lon_p138p989563.npy,-52.006847,138.989563
eta_lat_m52p006847_lon_p144p989563.npy,-52.006847,144.989563
eta_lat_m52p006847_lon_p150p989563.npy,-52.006847,150.989563
eta_lat_m52p006847_lon_p156p989563.npy,-52.006847,156.989563
eta_lat_m52p006847_lon_p174p989563.npy,-52.006847,174.989563
eta_lat_m52p006847_lon_p18p989578.npy,-52.006847,18.989578
eta_lat_m52p006847_lon_p24p989578.npy,-52.006847,24.989578
eta_lat_m52p006847_lon_p30p989578.npy,-52.006847,30.989578
eta_lat_m52p006847_lon_p36p989578.npy,-52.006847,36.989578
eta_lat_m52p006847_lon_p60p989578.npy,-52.006847,60.989578
eta_lat_m52p006847_lon_p6p989578.npy,-52.006847,6.989578
eta_lat_m52p006847_lon_p84p989594.npy,-52.006847,84.989594
eta_lat_m52p006847_lon_p90p989594.npy,-52.006847,90.989594
eta_lat_m52p006847_lon_p96p989594.npy,-52.006847,96.989594
eta_lat_m55p389462_lon_m101p010414.npy,-55.389462,-101.010414
eta_lat_m55p389462_lon_m107p010414.npy,-55.389462,-107.010414
eta_lat_m55p389462_lon_m113p010414.npy,-55.389462,-113.010414
eta_lat_m55p389462_lon_m119p010414.npy,-55.389462,-119.010414
eta_lat_m55p389462_lon_m11p010422.npy,-55.389462,-11.010422
eta_lat_m55p389462_lon_m125p010414.npy,-55.389462,-125.010414
eta_lat_m55p389462_lon_m131p010422.npy,-55.389462,-131.010422
eta_lat_m55p389462_lon_m143p010422.npy,-55.389462,-143.010422
eta_lat_m55p389462_lon_m149p010422.npy,-55.389462,-149.010422
eta_lat_m55p389462_lon_m155p010422.npy,-55.389462,-155.010422
eta_lat_m55p389462_lon_m161p010422.npy,-55.389462,-161.010422
eta_lat_m55p389462_lon_m167p010422.npy,-55.389462,-167.010422
eta_lat_m55p389462_lon_m173p010422.npy,-55.389462,-173.010422
eta_lat_m55p389462_lon_m17p010422.npy,-55.389462,-17.010422
eta_lat_m55p389462_lon_m23p010422.npy,-55.389462,-23.010422
eta_lat_m55p389462_lon_m47p010422.npy,-55.389462,-47.010422
eta_lat_m55p389462_lon_m53p010422.npy,-55.389462,-53.010422
eta_lat_m55p389462_lon_m59p010422.npy,-55.389462,-59.010422
eta_lat_m55p389462_lon_m5p010422.npy,-55.389462,-5.010422
eta_lat_m55p389462_lon_m83p010414.npy,-55.389462,-83.010414
eta_lat_m55p389462_lon_m89p010414.npy,-55.389462,-89.010414
eta_lat_m55p389462_lon_m95p010414.npy,-55.389462,-95.010414
eta_lat_m55p389462_lon_p102p989594.npy,-55.389462,102.989594
eta_lat_m55p389462_lon_p108p989594.npy,-55.389462,108.989594
eta_lat_m55p389462_lon_p114p989594.npy,-55.389462,114.989594
eta_lat_m55p389462_lon_p120p989594.npy,-55.389462,120.989594
eta_lat_m55p389462_lon_p126p989594.npy,-55.389462,126.989594
eta_lat_m55p389462_lon_p12p989578.npy,-55.389462,12.989578
eta_lat_m55p389462_lon_p132p989563.npy,-55.389462,132.989563
eta_lat_m55p389462_lon_p138p989563.npy,-55.389462,138.989563
eta_lat_m55p389462_lon_p144p989563.npy,-55.389462,144.989563
eta_lat_m55p389462_lon_p150p989563.npy,-55.389462,150.989563
eta_lat_m55p389462_lon_p162p989563.npy,-55.389462,162.989563
eta_lat_m55p389462_lon_p168p989563.npy,-55.389462,168.989563
eta_lat_m55p389462_lon_p174p989563.npy,-55.389462,174.989563
eta_lat_m55p389462_lon_p18p989578.npy,-55.389462,18.989578
eta_lat_m55p389462_lon_p24p989578.npy,-55.389462,24.989578
eta_lat_m55p389462_lon_p30p989578.npy,-55.389462,30.989578
eta_lat_m55p389462_lon_p36p989578.npy,-55.389462,36.989578
eta_lat_m55p389462_lon_p42p989578.npy,-55.389462,42.989578
eta_lat_m55p389462_lon_p54p989578.npy,-55.389462,54.989578
eta_lat_m55p389462_lon_p60p989578.npy,-55.389462,60.989578
eta_lat_m55p389462_lon_p66p989594.npy,-55.389462,66.989594
eta_lat_m55p389462_lon_p6p989578.npy,-55.389462,6.989578
eta_lat_m55p389462_lon_p72p989594.npy,-55.389462,72.989594
eta_lat_m55p389462_lon_p78p989594.npy,-55.389462,78.989594
eta_lat_m55p389462_lon_p84p989594.npy,-55.389462,84.989594
eta_lat_m55p389462_lon_p90p989594.npy,-55.389462,90.989594
eta_lat_m55p400803_lon_m101p010414.npy,-55.400803,-101.010414
eta_lat_m55p400803_lon_m107p010414.npy,-55.400803,-107.010414
eta_lat_m55p400803_lon_m113p010414.npy,-55.400803,-113.010414
eta_lat_m55p400803_lon_m119p010414.npy,-55.400803,-119.010414
eta_lat_m55p400803_lon_m11p010422.npy,-55.400803,-11.010422
eta_lat_m55p400803_lon_m125p010414.npy,-55.400803,-125.010414
eta_lat_m55p400803_lon_m131p010422.npy,-55.400803,-131.010422
eta_lat_m55p400803_lon_m143p010422.npy,-55.400803,-143.010422
eta_lat_m55p400803_lon_m149p010422.npy,-55.400803,-149.010422
eta_lat_m55p400803_lon_m155p010422.npy,-55.400803,-155.010422
eta_lat_m55p400803_lon_m161p010422.npy,-55.400803,-161.010422
eta_lat_m55p400803_lon_m167p010422.npy,-55.400803,-167.010422
eta_lat_m55p400803_lon_m173p010422.npy,-55.400803,-173.010422
eta_lat_m55p400803_lon_m17p010422.npy,-55.400803,-17.010422
eta_lat_m55p400803_lon_m23p010422.npy,-55.400803,-23.010422
eta_lat_m55p400803_lon_m47p010422.npy,-55.400803,-47.010422
eta_lat_m55p400803_lon_m53p010422.npy,-55.400803,-53.010422
eta_lat_m55p400803_lon_m59p010422.npy,-55.400803,-59.010422
eta_lat_m55p400803_lon_m5p010422.npy,-55.400803,-5.010422
eta_lat_m55p400803_lon_m83p010414.npy,-55.400803,-83.010414
eta_lat_m55p400803_lon_m89p010414.npy,-55.400803,-89.010414
eta_lat_m55p400803_lon_m95p010414.npy,-55.400803,-95.010414
eta_lat_m55p400803_lon_p102p989594.npy,-55.400803,102.989594
eta_lat_m55p400803_lon_p108p989594.npy,-55.400803,108.989594
eta_lat_m55p400803_lon_p114p989594.npy,-55.400803,114.989594
eta_lat_m55p400803_lon_p120p989594.npy,-55.400803,120.989594
eta_lat_m55p400803_lon_p126p989594.npy,-55.400803,126.989594
eta_lat_m55p400803_lon_p12p989578.npy,-55.400803,12.989578
eta_lat_m55p400803_lon_p132p989563.npy,-55.400803,132.989563
eta_lat_m55p400803_lon_p138p989563.npy,-55.400803,138.989563
eta_lat_m55p400803_lon_p144p989563.npy,-55.400803,144.989563
eta_lat_m55p400803_lon_p150p989563.npy,-55.400803,150.989563
eta_lat_m55p400803_lon_p162p989563.npy,-55.400803,162.989563
eta_lat_m55p400803_lon_p168p989563.npy,-55.400803,168.989563
eta_lat_m55p400803_lon_p174p989563.npy,-55.400803,174.989563
eta_lat_m55p400803_lon_p18p989578.npy,-55.400803,18.989578
eta_lat_m55p400803_lon_p24p989578.npy,-55.400803,24.989578
eta_lat_m55p400803_lon_p30p989578.npy,-55.400803,30.989578
eta_lat_m55p400803_lon_p36p989578.npy,-55.400803,36.989578
eta_lat_m55p400803_lon_p42p989578.npy,-55.400803,42.989578
eta_lat_m55p400803_lon_p54p989578.npy,-55.400803,54.989578
eta_lat_m55p400803_lon_p60p989578.npy,-55.400803,60.989578
eta_lat_m55p400803_lon_p66p989594.npy,-55.400803,66.989594
eta_lat_m55p400803_lon_p6p989578.npy,-55.400803,6.989578
eta_lat_m55p400803_lon_p72p989594.npy,-55.400803,72.989594
eta_lat_m55p400803_lon_p78p989594.npy,-55.400803,78.989594
eta_lat_m55p400803_lon_p84p989594.npy,-55.400803,84.989594
eta_lat_m55p400803_lon_p90p989594.npy,-55.400803,90.989594
eta_lat_m58p574665_lon_m101p010414.npy,-58.574665,-101.010414
eta_lat_m58p574665_lon_m107p010414.npy,-58.574665,-107.010414
eta_lat_m58p574665_lon_m113p010414.npy,-58.574665,-113.010414
eta_lat_m58p574665_lon_m119p010414.npy,-58.574665,-119.010414
eta_lat_m58p574665_lon_m11p010422.npy,-58.574665,-11.010422
eta_lat_m58p574665_lon_m125p010414.npy,-58.574665,-125.010414
eta_lat_m58p574665_lon_m131p010422.npy,-58.574665,-131.010422
eta_lat_m58p574665_lon_m137p010422.npy,-58.574665,-137.010422
eta_lat_m58p574665_lon_m143p010422.npy,-58.574665,-143.010422
eta_lat_m58p574665_lon_m149p010422.npy,-58.574665,-149.010422
eta_lat_m58p574665_lon_m155p010422.npy,-58.574665,-155.010422
eta_lat_m58p574665_lon_m161p010422.npy,-58.574665,-161.010422
eta_lat_m58p574665_lon_m167p010422.npy,-58.574665,-167.010422
eta_lat_m58p574665_lon_m173p010422.npy,-58.574665,-173.010422
eta_lat_m58p574665_lon_m17p010422.npy,-58.574665,-17.010422
eta_lat_m58p574665_lon_m23p010422.npy,-58.574665,-23.010422
eta_lat_m58p574665_lon_m35p010422.npy,-58.574665,-35.010422
eta_lat_m58p574665_lon_m41p010422.npy,-58.574665,-41.010422
eta_lat_m58p574665_lon_m47p010422.npy,-58.574665,-47.010422
eta_lat_m58p574665_lon_m53p010422.npy,-58.574665,-53.010422
eta_lat_m58p574665_lon_m59p010422.npy,-58.574665,-59.010422
eta_lat_m58p574665_lon_m5p010422.npy,-58.574665,-5.010422
eta_lat_m58p574665_lon_m65p010414.npy,-58.574665,-65.010414
eta_lat_m58p574665_lon_m71p010414.npy,-58.574665,-71.010414
eta_lat_m58p574665_lon_m77p010414.npy,-58.574665,-77.010414
eta_lat_m58p574665_lon_m83p010414.npy,-58.574665,-83.010414
eta_lat_m58p574665_lon_m89p010414.npy,-58.574665,-89.010414
eta_lat_m58p574665_lon_m95p010414.npy,-58.574665,-95.010414
eta_lat_m58p574665_lon_p0p989578.npy,-58.574665,0.989578
eta_lat_m58p574665_lon_p102p989594.npy,-58.574665,102.989594
eta_lat_m58p574665_lon_p108p989594.npy,-58.574665,108.989594
eta_lat_m58p574665_lon_p114p989594.npy,-58.574665,114.989594
eta_lat_m58p574665_lon_p120p989594.npy,-58.574665,120.989594
eta_lat_m58p574665_lon_p126p989594.npy,-58.574665,126.989594
eta_lat_m58p574665_lon_p12p989578.npy,-58.574665,12.989578
eta_lat_m58p574665_lon_p132p989563.npy,-58.574665,132.989563
eta_lat_m58p574665_lon_p138p989563.npy,-58.574665,138.989563
eta_lat_m58p574665_lon_p144p989563.npy,-58.574665,144.989563
eta_lat_m58p574665_lon_p150p989563.npy,-58.574665,150.989563
eta_lat_m58p574665_lon_p156p989563.npy,-58.574665,156.989563
eta_lat_m58p574665_lon_p162p989563.npy,-58.574665,162.989563
eta_lat_m58p574665_lon_p168p989563.npy,-58.574665,168.989563
eta_lat_m58p574665_lon_p174p989563.npy,-58.574665,174.989563
eta_lat_m58p574665_lon_p18p989578.npy,-58.574665,18.989578
eta_lat_m58p574665_lon_p24p989578.npy,-58.574665,24.989578
eta_lat_m58p574665_lon_p30p989578.npy,-58.574665,30.989578
eta_lat_m58p574665_lon_p36p989578.npy,-58.574665,36.989578
eta_lat_m58p574665_lon_p42p989578.npy,-58.574665,42.989578
eta_lat_m58p574665_lon_p48p989578.npy,-58.574665,48.989578
eta_lat_m58p574665_lon_p54p989578.npy,-58.574665,54.989578
eta_lat_m58p574665_lon_p60p989578.npy,-58.574665,60.989578
eta_lat_m58p574665_lon_p66p989594.npy,-58.574665,66.989594
eta_lat_m58p574665_lon_p6p989578.npy,-58.574665,6.989578
eta_lat_m58p574665_lon_p72p989594.npy,-58.574665,72.989594
eta_lat_m58p574665_lon_p78p989594.npy,-58.574665,78.989594
eta_lat_m58p574665_lon_p84p989594.npy,-58.574665,84.989594
eta_lat_m58p574665_lon_p90p989594.npy,-58.574665,90.989594
eta_lat_m58p574665_lon_p96p989594.npy,-58.574665,96.989594
eta_lat_m5p545479_lon_m101p010414.npy,-5.545479,-101.010414
eta_lat_m5p545479_lon_m107p010414.npy,-5.545479,-107.010414
eta_lat_m5p545479_lon_m113p010414.npy,-5.545479,-113.010414
eta_lat_m5p545479_lon_m119p010414.npy,-5.545479,-119.010414
eta_lat_m5p545479_lon_m11p010422.npy,-5.545479,-11.010422
eta_lat_m5p545479_lon_m125p010414.npy,-5.545479,-125.010414
eta_lat_m5p545479_lon_m131p010422.npy,-5.545479,-131.010422
eta_lat_m5p545479_lon_m149p010422.npy,-5.545479,-149.010422
eta_lat_m5p545479_lon_m167p010422.npy,-5.545479,-167.010422
eta_lat_m5p545479_lon_m23p010422.npy,-5.545479,-23.010422
eta_lat_m5p545479_lon_m29p010422.npy,-5.545479,-29.010422
eta_lat_m5p545479_lon_m5p010422.npy,-5.545479,-5.010422
eta_lat_m5p545479_lon_m89p010414.npy,-5.545479,-89.010414
eta_lat_m5p545479_lon_m95p010414.npy,-5.545479,-95.010414
eta_lat_m5p545479_lon_p168p989563.npy,-5.545479,168.989563
eta_lat_m5p545479_lon_p48p989578.npy,-5.545479,48.989578
eta_lat_m5p545479_lon_p66p989594.npy,-5.545479,66.989594
eta_lat_m5p545479_lon_p78p989594.npy,-5.545479,78.989594
eta_lat_m5p545479_lon_p84p989594.npy,-5.545479,84.989594
eta_lat_m5p545479_lon_p90p989594.npy,-5.545479,90.989594
eta_lat_m61p508057_lon_m101p010414.npy,-61.508057,-101.010414
eta_lat_m61p508057_lon_m107p010414.npy,-61.508057,-107.010414
eta_lat_m61p508057_lon_m113p010414.npy,-61.508057,-113.010414
eta_lat_m61p508057_lon_m119p010414.npy,-61.508057,-119.010414
eta_lat_m61p508057_lon_m11p010422.npy,-61.508057,-11.010422
eta_lat_m61p508057_lon_m125p010414.npy,-61.508057,-125.010414
eta_lat_m61p508057_lon_m131p010422.npy,-61.508057,-131.010422
eta_lat_m61p508057_lon_m137p010422.npy,-61.508057,-137.010422
eta_lat_m61p508057_lon_m143p010422.npy,-61.508057,-143.010422
eta_lat_m61p508057_lon_m149p010422.npy,-61.508057,-149.010422
eta_lat_m61p508057_lon_m155p010422.npy,-61.508057,-155.010422
eta_lat_m61p508057_lon_m161p010422.npy,-61.508057,-161.010422
eta_lat_m61p508057_lon_m167p010422.npy,-61.508057,-167.010422
eta_lat_m61p508057_lon_m173p010422.npy,-61.508057,-173.010422
eta_lat_m61p508057_lon_m17p010422.npy,-61.508057,-17.010422
eta_lat_m61p508057_lon_m23p010422.npy,-61.508057,-23.010422
eta_lat_m61p508057_lon_m29p010422.npy,-61.508057,-29.010422
eta_lat_m61p508057_lon_m35p010422.npy,-61.508057,-35.010422
eta_lat_m61p508057_lon_m5p010422.npy,-61.508057,-5.010422
eta_lat_m61p508057_lon_m71p010414.npy,-61.508057,-71.010414
eta_lat_m61p508057_lon_m77p010414.npy,-61.508057,-77.010414
eta_lat_m61p508057_lon_m83p010414.npy,-61.508057,-83.010414
eta_lat_m61p508057_lon_m89p010414.npy,-61.508057,-89.010414
eta_lat_m61p508057_lon_m95p010414.npy,-61.508057,-95.010414
eta_lat_m61p508057_lon_p0p989578.npy,-61.508057,0.989578
eta_lat_m61p508057_lon_p102p989594.npy,-61.508057,102.989594
eta_lat_m61p508057_lon_p108p989594.npy,-61.508057,108.989594
eta_lat_m61p508057_lon_p114p989594.npy,-61.508057,114.989594
eta_lat_m61p508057_lon_p120p989594.npy,-61.508057,120.989594
eta_lat_m61p508057_lon_p126p989594.npy,-61.508057,126.989594
eta_lat_m61p508057_lon_p12p989578.npy,-61.508057,12.989578
eta_lat_m61p508057_lon_p132p989563.npy,-61.508057,132.989563
eta_lat_m61p508057_lon_p138p989563.npy,-61.508057,138.989563
eta_lat_m61p508057_lon_p144p989563.npy,-61.508057,144.989563
eta_lat_m61p508057_lon_p150p989563.npy,-61.508057,150.989563
eta_lat_m61p508057_lon_p156p989563.npy,-61.508057,156.989563
eta_lat_m61p508057_lon_p162p989563.npy,-61.508057,162.989563
eta_lat_m61p508057_lon_p168p989563.npy,-61.508057,168.989563
eta_lat_m61p508057_lon_p174p989563.npy,-61.508057,174.989563
eta_lat_m61p508057_lon_p18p989578.npy,-61.508057,18.989578
eta_lat_m61p508057_lon_p24p989578.npy,-61.508057,24.989578
eta_lat_m61p508057_lon_p30p989578.npy,-61.508057,30.989578
eta_lat_m61p508057_lon_p36p989578.npy,-61.508057,36.989578
eta_lat_m61p508057_lon_p42p989578.npy,-61.508057,42.989578
eta_lat_m61p508057_lon_p48p989578.npy,-61.508057,48.989578
eta_lat_m61p508057_lon_p54p989578.npy,-61.508057,54.989578
eta_lat_m61p508057_lon_p60p989578.npy,-61.508057,60.989578
eta_lat_m61p508057_lon_p66p989594.npy,-61.508057,66.989594
eta_lat_m61p508057_lon_p6p989578.npy,-61.508057,6.989578
eta_lat_m61p508057_lon_p72p989594.npy,-61.508057,72.989594
eta_lat_m61p508057_lon_p78p989594.npy,-61.508057,78.989594
eta_lat_m61p508057_lon_p84p989594.npy,-61.508057,84.989594
eta_lat_m61p508057_lon_p90p989594.npy,-61.508057,90.989594
eta_lat_m61p508057_lon_p96p989594.npy,-61.508057,96.989594
eta_lat_m64p202515_lon_m101p010414.npy,-64.202515,-101.010414
eta_lat_m64p202515_lon_m107p010414.npy,-64.202515,-107.010414
eta_lat_m64p202515_lon_m113p010414.npy,-64.202515,-113.010414
eta_lat_m64p202515_lon_m119p010414.npy,-64.202515,-119.010414
eta_lat_m64p202515_lon_m11p010422.npy,-64.202515,-11.010422
eta_lat_m64p202515_lon_m125p010414.npy,-64.202515,-125.010414
eta_lat_m64p202515_lon_m131p010422.npy,-64.202515,-131.010422
eta_lat_m64p202515_lon_m137p010422.npy,-64.202515,-137.010422
eta_lat_m64p202515_lon_m143p010422.npy,-64.202515,-143.010422
eta_lat_m64p202515_lon_m149p010422.npy,-64.202515,-149.010422
eta_lat_m64p202515_lon_m155p010422.npy,-64.202515,-155.010422
eta_lat_m64p202515_lon_m161p010422.npy,-64.202515,-161.010422
eta_lat_m64p202515_lon_m167p010422.npy,-64.202515,-167.010422
eta_lat_m64p202515_lon_m173p010422.npy,-64.202515,-173.010422
eta_lat_m64p202515_lon_m17p010422.npy,-64.202515,-17.010422
eta_lat_m64p202515_lon_m23p010422.npy,-64.202515,-23.010422
eta_lat_m64p202515_lon_m29p010422.npy,-64.202515,-29.010422
eta_lat_m64p202515_lon_m35p010422.npy,-64.202515,-35.010422
eta_lat_m64p202515_lon_m41p010422.npy,-64.202515,-41.010422
eta_lat_m64p202515_lon_m47p010422.npy,-64.202515,-47.010422
eta_lat_m64p202515_lon_m5p010422.npy,-64.202515,-5.010422
eta_lat_m64p202515_lon_m71p010414.npy,-64.202515,-71.010414
eta_lat_m64p202515_lon_m77p010414.npy,-64.202515,-77.010414
eta_lat_m64p202515_lon_m83p010414.npy,-64.202515,-83.010414
eta_lat_m64p202515_lon_m95p010414.npy,-64.202515,-95.010414
eta_lat_m64p202515_lon_p0p989578.npy,-64.202515,0.989578
eta_lat_m64p202515_lon_p120p989594.npy,-64.202515,120.989594
eta_lat_m64p202515_lon_p126p989594.npy,-64.202515,126.989594
eta_lat_m64p202515_lon_p12p989578.npy,-64.202515,12.989578
eta_lat_m64p202515_lon_p144p989563.npy,-64.202515,144.989563
eta_lat_m64p202515_lon_p150p989563.npy,-64.202515,150.989563
eta_lat_m64p202515_lon_p156p989563.npy,-64.202515,156.989563
eta_lat_m64p202515_lon_p162p989563.npy,-64.202515,162.989563
eta_lat_m64p202515_lon_p168p989563.npy,-64.202515,168.989563
eta_lat_m64p202515_lon_p174p989563.npy,-64.202515,174.989563
eta_lat_m64p202515_lon_p18p989578.npy,-64.202515,18.989578
eta_lat_m64p202515_lon_p24p989578.npy,-64.202515,24.989578
eta_lat_m64p202515_lon_p30p989578.npy,-64.202515,30.989578
eta_lat_m64p202515_lon_p36p989578.npy,-64.202515,36.989578
eta_lat_m64p202515_lon_p42p989578.npy,-64.202515,42.989578
eta_lat_m64p202515_lon_p48p989578.npy,-64.202515,48.989578
eta_lat_m64p202515_lon_p54p989578.npy,-64.202515,54.989578
eta_lat_m64p202515_lon_p60p989578.npy,-64.202515,60.989578
eta_lat_m64p202515_lon_p66p989594.npy,-64.202515,66.989594
eta_lat_m64p202515_lon_p6p989578.npy,-64.202515,6.989578
eta_lat_m64p202515_lon_p72p989594.npy,-64.202515,72.989594
eta_lat_m64p202515_lon_p78p989594.npy,-64.202515,78.989594
eta_lat_m64p202515_lon_p84p989594.npy,-64.202515,84.989594
eta_lat_m66p662788_lon_m101p010414.npy,-66.662788,-101.010414
eta_lat_m66p662788_lon_m107p010414.npy,-66.662788,-107.010414
eta_lat_m66p662788_lon_m113p010414.npy,-66.662788,-113.010414
eta_lat_m66p662788_lon_m119p010414.npy,-66.662788,-119.010414
eta_lat_m66p662788_lon_m11p010422.npy,-66.662788,-11.010422
eta_lat_m66p662788_lon_m125p010414.npy,-66.662788,-125.010414
eta_lat_m66p662788_lon_m131p010422.npy,-66.662788,-131.010422
eta_lat_m66p662788_lon_m137p010422.npy,-66.662788,-137.010422
eta_lat_m66p662788_lon_m143p010422.npy,-66.662788,-143.010422
eta_lat_m66p662788_lon_m149p010422.npy,-66.662788,-149.010422
eta_lat_m66p662788_lon_m155p010422.npy,-66.662788,-155.010422
eta_lat_m66p662788_lon_m161p010422.npy,-66.662788,-161.010422
eta_lat_m66p662788_lon_m167p010422.npy,-66.662788,-167.010422
eta_lat_m66p662788_lon_m173p010422.npy,-66.662788,-173.010422
eta_lat_m66p662788_lon_m17p010422.npy,-66.662788,-17.010422
eta_lat_m66p662788_lon_m23p010422.npy,-66.662788,-23.010422
eta_lat_m66p662788_lon_m29p010422.npy,-66.662788,-29.010422
eta_lat_m66p662788_lon_m35p010422.npy,-66.662788,-35.010422
eta_lat_m66p662788_lon_m41p010422.npy,-66.662788,-41.010422
eta_lat_m66p662788_lon_m47p010422.npy,-66.662788,-47.010422
eta_lat_m66p662788_lon_m53p010422.npy,-66.662788,-53.010422
eta_lat_m66p662788_lon_m5p010422.npy,-66.662788,-5.010422
eta_lat_m66p662788_lon_m77p010414.npy,-66.662788,-77.010414
eta_lat_m66p662788_lon_m83p010414.npy,-66.662788,-83.010414
eta_lat_m66p662788_lon_m95p010414.npy,-66.662788,-95.010414
eta_lat_m66p662788_lon_p0p989578.npy,-66.662788,0.989578
eta_lat_m66p662788_lon_p12p989578.npy,-66.662788,12.989578
eta_lat_m66p662788_lon_p174p989563.npy,-66.662788,174.989563
eta_lat_m66p662788_lon_p18p989578.npy,-66.662788,18.989578
eta_lat_m66p662788_lon_p24p989578.npy,-66.662788,24.989578
eta_lat_m66p662788_lon_p30p989578.npy,-66.662788,30.989578
eta_lat_m66p662788_lon_p36p989578.npy,-66.662788,36.989578
eta_lat_m66p662788_lon_p6p989578.npy,-66.662788,6.989578
eta_lat_m68p928383_lon_m101p010414.npy,-68.928383,-101.010414
eta_lat_m68p928383_lon_m107p010414.npy,-68.928383,-107.010414
eta_lat_m68p928383_lon_m113p010414.npy,-68.928383,-113.010414
eta_lat_m68p928383_lon_m119p010414.npy,-68.928383,-119.010414
eta_lat_m68p928383_lon_m11p010422.npy,-68.928383,-11.010422
eta_lat_m68p928383_lon_m125p010414.npy,-68.928383,-125.010414
eta_lat_m68p928383_lon_m131p010422.npy,-68.928383,-131.010422
eta_lat_m68p928383_lon_m137p010422.npy,-68.928383,-137.010422
eta_lat_m68p928383_lon_m143p010422.npy,-68.928383,-143.010422
eta_lat_m68p928383_lon_m149p010422.npy,-68.928383,-149.010422
eta_lat_m68p928383_lon_m155p010422.npy,-68.928383,-155.010422
eta_lat_m68p928383_lon_m161p010422.npy,-68.928383,-161.010422
eta_lat_m68p928383_lon_m167p010422.npy,-68.928383,-167.010422
eta_lat_m68p928383_lon_m173p010422.npy,-68.928383,-173.010422
eta_lat_m68p928383_lon_m17p010422.npy,-68.928383,-17.010422
eta_lat_m68p928383_lon_m23p010422.npy,-68.928383,-23.010422
eta_lat_m68p928383_lon_m29p010422.npy,-68.928383,-29.010422
eta_lat_m68p928383_lon_m35p010422.npy,-68.928383,-35.010422
eta_lat_m68p928383_lon_m41p010422.npy,-68.928383,-41.010422
eta_lat_m68p928383_lon_m47p010422.npy,-68.928383,-47.010422
eta_lat_m68p928383_lon_m53p010422.npy,-68.928383,-53.010422
eta_lat_m68p928383_lon_m59p010422.npy,-68.928383,-59.010422
eta_lat_m68p928383_lon_m5p010422.npy,-68.928383,-5.010422
eta_lat_m68p928383_lon_m83p010414.npy,-68.928383,-83.010414
eta_lat_m68p928383_lon_m95p010414.npy,-68.928383,-95.010414
eta_lat_m68p928383_lon_p168p989563.npy,-68.928383,168.989563
eta_lat_m68p928383_lon_p174p989563.npy,-68.928383,174.989563
eta_lat_m70p818817_lon_m112p992744.npy,-70.818817,-112.992744
eta_lat_m70p821320_lon_m118p983330.npy,-70.82132,-118.98333
eta_lat_m70p827019_lon_m124p974617.npy,-70.827019,-124.974617
eta_lat_m70p831284_lon_m107p022827.npy,-70.831284,-107.022827
eta_lat_m70p857033_lon_m130p966385.npy,-70.857033,-130.966385
eta_lat_m70p897415_lon_m136p959152.npy,-70.897415,-136.959152
eta_lat_m70p941582_lon_m89p045937.npy,-70.941582,-89.045937
eta_lat_m70p951729_lon_m142p952744.npy,-70.951729,-142.952744
eta_lat_m71p011032_lon_m148p947784.npy,-71.011032,-148.947784
eta_lat_m71p057938_lon_m154p945801.npy,-71.057938,-154.945801
eta_lat_m71p110893_lon_m160p945129.npy,-71.110893,-160.945129
eta_lat_m71p152878_lon_m166p947037.npy,-71.152878,-166.947037
eta_lat_m71p197975_lon_m172p950165.npy,-71.197975,-172.950165
eta_lat_m71p216316_lon_m53p046265.npy,-71.216316,-53.046265
eta_lat_m71p250717_lon_m47p040466.npy,-71.250717,-47.040466
eta_lat_m71p260567_lon_p175p038208.npy,-71.260567,175.038208
eta_lat_m71p277649_lon_m41p033340.npy,-71.277649,-41.03334
eta_lat_m71p296463_lon_m35p025223.npy,-71.296463,-35.025223
eta_lat_m71p306725_lon_m29p016449.npy,-71.306725,-29.016449
eta_lat_m71p317345_lon_m23p007370.npy,-71.317345,-23.00737
eta_lat_m72p438423_lon_m118p949417.npy,-72.438423,-118.949417
eta_lat_m72p442223_lon_m113p020538.npy,-72.442223,-113.020538
eta_lat_m72p569344_lon_m130p758957.npy,-72.569344,-130.758957
eta_lat_m72p698387_lon_m136p683899.npy,-72.698387,-136.683899
eta_lat_m72p830154_lon_m142p626068.npy,-72.830154,-142.626068
eta_lat_m72p979408_lon_m148p561707.npy,-72.979408,-148.561707
eta_lat_m73p118896_lon_m154p539932.npy,-73.118896,-154.539932
eta_lat_m73p291496_lon_m160p547073.npy,-73.291496,-160.547073
eta_lat_m73p433556_lon_m166p559235.npy,-73.433556,-166.559235
eta_lat_m73p545830_lon_m172p573288.npy,-73.54583,-172.573288
eta_lat_m73p621971_lon_m53p396431.npy,-73.621971,-53.396431
eta_lat_m73p720367_lon_m47p316681.npy,-73.720367,-47.316681
eta_lat_m73p796959_lon_m41p244324.npy,-73.796959,-41.244324
eta_lat_m73p859009_lon_m35p162323.npy,-73.859009,-35.162323
eta_lat_m73p888268_lon_m29p051193.npy,-73.888268,-29.051193
eta_lat_m75p355705_lon_m159p614578.npy,-75.355705,-159.614578
eta_lat_m75p574257_lon_m165p651382.npy,-75.574257,-165.651382
eta_lat_m75p785980_lon_m171p738495.npy,-75.78598,-171.738495
eta_lat_m76p178772_lon_m41p740692.npy,-76.178772,-41.740692
eta_lat_p0p009682_lon_m101p010414.npy,0.009682,-101.010414
eta_lat_p0p009682_lon_m107p010414.npy,0.009682,-107.010414
eta_lat_p0p009682_lon_m113p010414.npy,0.009682,-113.010414
eta_lat_p0p009682_lon_m119p010414.npy,0.009682,-119.010414
eta_lat_p0p009682_lon_m125p010414.npy,0.009682,-125.010414
eta_lat_p0p009682_lon_m131p010422.npy,0.009682,-131.010422
eta_lat_p0p009682_lon_m137p010422.npy,0.009682,-137.010422
eta_lat_p0p009682_lon_m143p010422.npy,0.009682,-143.010422
eta_lat_p0p009682_lon_m149p010422.npy,0.009682,-149.010422
eta_lat_p0p009682_lon_m161p010422.npy,0.009682,-161.010422
eta_lat_p0p009682_lon_m167p010422.npy,0.009682,-167.010422
eta_lat_p0p009682_lon_p162p989563.npy,0.009682,162.989563
eta_lat_p11p027672_lon_m101p010414.npy,11.027672,-101.010414
eta_lat_p11p027672_lon_m113p010414.npy,11.027672,-113.010414
eta_lat_p11p027672_lon_m119p010414.npy,11.027672,-119.010414
eta_lat_p11p027672_lon_m125p010414.npy,11.027672,-125.010414
eta_lat_p11p027672_lon_m131p010422.npy,11.027672,-131.010422
eta_lat_p11p027672_lon_m137p010422.npy,11.027672,-137.010422
eta_lat_p11p027672_lon_m143p010422.npy,11.027672,-143.010422
eta_lat_p11p027672_lon_m149p010422.npy,11.027672,-149.010422
eta_lat_p11p027672_lon_m155p010422.npy,11.027672,-155.010422
eta_lat_p11p027672_lon_m161p010422.npy,11.027672,-161.010422
eta_lat_p11p027672_lon_m167p010422.npy,11.027672,-167.010422
eta_lat_p11p027672_lon_m173p010422.npy,11.027672,-173.010422
eta_lat_p11p027672_lon_m23p010422.npy,11.027672,-23.010422
eta_lat_p11p027672_lon_m29p010422.npy,11.027672,-29.010422
eta_lat_p11p027672_lon_m35p010422.npy,11.027672,-35.010422
eta_lat_p11p027672_lon_m41p010422.npy,11.027672,-41.010422
eta_lat_p11p027672_lon_m47p010422.npy,11.027672,-47.010422
eta_lat_p11p027672_lon_m53p010422.npy,11.027672,-53.010422
eta_lat_p11p027672_lon_m59p010422.npy,11.027672,-59.010422
eta_lat_p11p027672_lon_m95p010414.npy,11.027672,-95.010414
eta_lat_p11p027672_lon_p156p989563.npy,11.027672,156.989563
eta_lat_p11p027672_lon_p174p989563.npy,11.027672,174.989563
eta_lat_p11p027672_lon_p60p989578.npy,11.027672,60.989578
eta_lat_p11p027672_lon_p66p989594.npy,11.027672,66.989594
eta_lat_p11p027672_lon_p84p989594.npy,11.027672,84.989594
eta_lat_p16p395037_lon_m119p010414.npy,16.395037,-119.010414
eta_lat_p16p395037_lon_m125p010414.npy,16.395037,-125.010414
eta_lat_p16p395037_lon_m131p010422.npy,16.395037,-131.010422
eta_lat_p16p395037_lon_m137p010422.npy,16.395037,-137.010422
eta_lat_p16p395037_lon_m143p010422.npy,16.395037,-143.010422
eta_lat_p16p395037_lon_m149p010422.npy,16.395037,-149.010422
eta_lat_p16p395037_lon_m161p010422.npy,16.395037,-161.010422
eta_lat_p16p395037_lon_m173p010422.npy,16.395037,-173.010422
eta_lat_p16p395037_lon_m29p010422.npy,16.395037,-29.010422
eta_lat_p16p395037_lon_m35p010422.npy,16.395037,-35.010422
eta_lat_p16p395037_lon_m41p010422.npy,16.395037,-41.010422
eta_lat_p16p395037_lon_m47p010422.npy,16.395037,-47.010422
eta_lat_p16p395037_lon_m53p010422.npy,16.395037,-53.010422
eta_lat_p16p395037_lon_m59p010422.npy,16.395037,-59.010422
eta_lat_p16p395037_lon_p132p989563.npy,16.395037,132.989563
eta_lat_p16p395037_lon_p138p989563.npy,16.395037,138.989563
eta_lat_p16p395037_lon_p156p989563.npy,16.395037,156.989563
eta_lat_p16p395037_lon_p162p989563.npy,16.395037,162.989563
eta_lat_p16p395037_lon_p174p989563.npy,16.395037,174.989563
eta_lat_p16p395037_lon_p66p989594.npy,16.395037,66.989594
eta_lat_p21p610189_lon_m119p010414.npy,21.610189,-119.010414
eta_lat_p21p610189_lon_m125p010414.npy,21.610189,-125.010414
eta_lat_p21p610189_lon_m131p010422.npy,21.610189,-131.010422
eta_lat_p21p610189_lon_m137p010422.npy,21.610189,-137.010422
eta_lat_p21p610189_lon_m143p010422.npy,21.610189,-143.010422
eta_lat_p21p610189_lon_m149p010422.npy,21.610189,-149.010422
eta_lat_p21p610189_lon_m173p010422.npy,21.610189,-173.010422
eta_lat_p21p610189_lon_m23p010422.npy,21.610189,-23.010422
eta_lat_p21p610189_lon_m29p010422.npy,21.610189,-29.010422
eta_lat_p21p610189_lon_m35p010422.npy,21.610189,-35.010422
eta_lat_p21p610189_lon_m41p010422.npy,21.610189,-41.010422
eta_lat_p21p610189_lon_m47p010422.npy,21.610189,-47.010422
eta_lat_p21p610189_lon_m53p010422.npy,21.610189,-53.010422
eta_lat_p21p610189_lon_m59p010422.npy,21.610189,-59.010422
eta_lat_p21p610189_lon_m65p010414.npy,21.610189,-65.010414
eta_lat_p21p610189_lon_p126p989594.npy,21.610189,126.989594
eta_lat_p21p610189_lon_p132p989563.npy,21.610189,132.989563
eta_lat_p21p610189_lon_p150p989563.npy,21.610189,150.989563
eta_lat_p21p610189_lon_p174p989563.npy,21.610189,174.989563
eta_lat_p26p641497_lon_m125p010414.npy,26.641497,-125.010414
eta_lat_p26p641497_lon_m131p010422.npy,26.641497,-131.010422
eta_lat_p26p641497_lon_m137p010422.npy,26.641497,-137.010422
eta_lat_p26p641497_lon_m143p010422.npy,26.641497,-143.010422
eta_lat_p26p641497_lon_m149p010422.npy,26.641497,-149.010422
eta_lat_p26p641497_lon_m155p010422.npy,26.641497,-155.010422
eta_lat_p26p641497_lon_m161p010422.npy,26.641497,-161.010422
eta_lat_p26p641497_lon_m23p010422.npy,26.641497,-23.010422
eta_lat_p26p641497_lon_m29p010422.npy,26.641497,-29.010422
eta_lat_p26p641497_lon_m35p010422.npy,26.641497,-35.010422
eta_lat_p26p641497_lon_m41p010422.npy,26.641497,-41.010422
eta_lat_p26p641497_lon_m47p010422.npy,26.641497,-47.010422
eta_lat_p26p641497_lon_m53p010422.npy,26.641497,-53.010422
eta_lat_p26p641497_lon_m59p010422.npy,26.641497,-59.010422
eta_lat_p26p641497_lon_m65p010414.npy,26.641497,-65.010414
eta_lat_p26p641497_lon_m71p010414.npy,26.641497,-71.010414
eta_lat_p26p641497_lon_p150p989563.npy,26.641497,150.989563
eta_lat_p26p641497_lon_p156p989563.npy,26.641497,156.989563
eta_lat_p26p641497_lon_p162p989563.npy,26.641497,162.989563
eta_lat_p26p641497_lon_p168p989563.npy,26.641497,168.989563
eta_lat_p26p641497_lon_p174p989563.npy,26.641497,174.989563
eta_lat_p31p463802_lon_m125p010414.npy,31.463802,-125.010414
eta_lat_p31p463802_lon_m131p010422.npy,31.463802,-131.010422
eta_lat_p31p463802_lon_m137p010422.npy,31.463802,-137.010422
eta_lat_p31p463802_lon_m143p010422.npy,31.463802,-143.010422
eta_lat_p31p463802_lon_m149p010422.npy,31.463802,-149.010422
eta_lat_p31p463802_lon_m155p010422.npy,31.463802,-155.010422
eta_lat_p31p463802_lon_m161p010422.npy,31.463802,-161.010422
eta_lat_p31p463802_lon_m167p010422.npy,31.463802,-167.010422
eta_lat_p31p463802_lon_m173p010422.npy,31.463802,-173.010422
eta_lat_p31p463802_lon_m23p010422.npy,31.463802,-23.010422
eta_lat_p31p463802_lon_m29p010422.npy,31.463802,-29.010422
eta_lat_p31p463802_lon_m35p010422.npy,31.463802,-35.010422
eta_lat_p31p463802_lon_m41p010422.npy,31.463802,-41.010422
eta_lat_p31p463802_lon_m47p010422.npy,31.463802,-47.010422
eta_lat_p31p463802_lon_m53p010422.npy,31.463802,-53.010422
eta_lat_p31p463802_lon_m59p010422.npy,31.463802,-59.010422
eta_lat_p31p463802_lon_m71p010414.npy,31.463802,-71.010414
eta_lat_p31p463802_lon_p144p989563.npy,31.463802,144.989563
eta_lat_p31p463802_lon_p150p989563.npy,31.463802,150.989563
eta_lat_p31p463802_lon_p156p989563.npy,31.463802,156.989563
eta_lat_p31p463802_lon_p162p989563.npy,31.463802,162.989563
eta_lat_p31p463802_lon_p168p989563.npy,31.463802,168.989563
eta_lat_p31p463802_lon_p174p989563.npy,31.463802,174.989563
eta_lat_p36p058659_lon_m131p010422.npy,36.058659,-131.010422
eta_lat_p36p058659_lon_m137p010422.npy,36.058659,-137.010422
eta_lat_p36p058659_lon_m143p010422.npy,36.058659,-143.010422
eta_lat_p36p058659_lon_m149p010422.npy,36.058659,-149.010422
eta_lat_p36p058659_lon_m155p010422.npy,36.058659,-155.010422
eta_lat_p36p058659_lon_m161p010422.npy,36.058659,-161.010422
eta_lat_p36p058659_lon_m167p010422.npy,36.058659,-167.010422
eta_lat_p36p058659_lon_m173p010422.npy,36.058659,-173.010422
eta_lat_p36p058659_lon_m29p010422.npy,36.058659,-29.010422
eta_lat_p36p058659_lon_m35p010422.npy,36.058659,-35.010422
eta_lat_p36p058659_lon_m41p010422.npy,36.058659,-41.010422
eta_lat_p36p058659_lon_m47p010422.npy,36.058659,-47.010422
eta_lat_p36p058659_lon_m53p010422.npy,36.058659,-53.010422
eta_lat_p36p058659_lon_m59p010422.npy,36.058659,-59.010422
eta_lat_p36p058659_lon_m65p010414.npy,36.058659,-65.010414
eta_lat_p36p058659_lon_p144p989563.npy,36.058659,144.989563
eta_lat_p36p058659_lon_p150p989563.npy,36.058659,150.989563
eta_lat_p36p058659_lon_p156p989563.npy,36.058659,156.989563
eta_lat_p36p058659_lon_p162p989563.npy,36.058659,162.989563
eta_lat_p36p058659_lon_p168p989563.npy,36.058659,168.989563
eta_lat_p36p058659_lon_p174p989563.npy,36.058659,174.989563
eta_lat_p40p414062_lon_m131p010422.npy,40.414062,-131.010422
eta_lat_p40p414062_lon_m137p010422.npy,40.414062,-137.010422
eta_lat_p40p414062_lon_m143p010422.npy,40.414062,-143.010422
eta_lat_p40p414062_lon_m149p010422.npy,40.414062,-149.010422
eta_lat_p40p414062_lon_m155p010422.npy,40.414062,-155.010422
eta_lat_p40p414062_lon_m161p010422.npy,40.414062,-161.010422
eta_lat_p40p414062_lon_m167p010422.npy,40.414062,-167.010422
eta_lat_p40p414062_lon_m173p010422.npy,40.414062,-173.010422
eta_lat_p40p414062_lon_m17p010422.npy,40.414062,-17.010422
eta_lat_p40p414062_lon_m23p010422.npy,40.414062,-23.010422
eta_lat_p40p414062_lon_m35p010422.npy,40.414062,-35.010422
eta_lat_p40p414062_lon_m41p010422.npy,40.414062,-41.010422
eta_lat_p40p414062_lon_m47p010422.npy,40.414062,-47.010422
eta_lat_p40p414062_lon_m53p010422.npy,40.414062,-53.010422
eta_lat_p40p414062_lon_m59p010422.npy,40.414062,-59.010422
eta_lat_p40p414062_lon_p150p989563.npy,40.414062,150.989563
eta_lat_p40p414062_lon_p156p989563.npy,40.414062,156.989563
eta_lat_p40p414062_lon_p162p989563.npy,40.414062,162.989563
eta_lat_p40p414062_lon_p168p989563.npy,40.414062,168.989563
eta_lat_p40p414062_lon_p174p989563.npy,40.414062,174.989563
eta_lat_p44p523903_lon_m131p010422.npy,44.523903,-131.010422
eta_lat_p44p523903_lon_m137p010422.npy,44.523903,-137.010422
eta_lat_p44p523903_lon_m143p010422.npy,44.523903,-143.010422
eta_lat_p44p523903_lon_m149p010422.npy,44.523903,-149.010422
eta_lat_p44p523903_lon_m155p010422.npy,44.523903,-155.010422
eta_lat_p44p523903_lon_m161p010422.npy,44.523903,-161.010422
eta_lat_p44p523903_lon_m167p010422.npy,44.523903,-167.010422
eta_lat_p44p523903_lon_m173p010422.npy,44.523903,-173.010422
eta_lat_p44p523903_lon_m17p010422.npy,44.523903,-17.010422
eta_lat_p44p523903_lon_m23p010422.npy,44.523903,-23.010422
eta_lat_p44p523903_lon_m29p010422.npy,44.523903,-29.010422
eta_lat_p44p523903_lon_m35p010422.npy,44.523903,-35.010422
eta_lat_p44p523903_lon_m41p010422.npy,44.523903,-41.010422
eta_lat_p44p523903_lon_p156p989563.npy,44.523903,156.989563
eta_lat_p44p523903_lon_p162p989563.npy,44.523903,162.989563
eta_lat_p44p523903_lon_p168p989563.npy,44.523903,168.989563
eta_lat_p44p523903_lon_p174p989563.npy,44.523903,174.989563
eta_lat_p48p374134_lon_m137p010422.npy,48.374134,-137.010422
eta_lat_p48p374134_lon_m143p010422.npy,48.374134,-143.010422
eta_lat_p48p374134_lon_m149p010422.npy,48.374134,-149.010422
eta_lat_p48p374134_lon_m155p010422.npy,48.374134,-155.010422
eta_lat_p48p374134_lon_m161p010422.npy,48.374134,-161.010422
eta_lat_p48p374134_lon_m167p010422.npy,48.374134,-167.010422
eta_lat_p48p374134_lon_m173p010422.npy,48.374134,-173.010422
eta_lat_p48p374134_lon_m17p010422.npy,48.374134,-17.010422
eta_lat_p48p374134_lon_m23p010422.npy,48.374134,-23.010422
eta_lat_p48p374134_lon_m29p010422.npy,48.374134,-29.010422
eta_lat_p48p374134_lon_m35p010422.npy,48.374134,-35.010422
eta_lat_p48p374134_lon_m41p010422.npy,48.374134,-41.010422
eta_lat_p48p374134_lon_p162p989563.npy,48.374134,162.989563
eta_lat_p48p374134_lon_p168p989563.npy,48.374134,168.989563
eta_lat_p48p374134_lon_p174p989563.npy,48.374134,174.989563
eta_lat_p51p994694_lon_m137p010422.npy,51.994694,-137.010422
eta_lat_p51p994694_lon_m143p010422.npy,51.994694,-143.010422
eta_lat_p51p994694_lon_m149p010422.npy,51.994694,-149.010422
eta_lat_p51p994694_lon_m155p010422.npy,51.994694,-155.010422
eta_lat_p51p994694_lon_m161p010422.npy,51.994694,-161.010422
eta_lat_p51p994694_lon_m17p010422.npy,51.994694,-17.010422
eta_lat_p51p994694_lon_m23p010422.npy,51.994694,-23.010422
eta_lat_p51p994694_lon_m29p010422.npy,51.994694,-29.010422
eta_lat_p51p994694_lon_m35p010422.npy,51.994694,-35.010422
eta_lat_p51p994694_lon_m41p010422.npy,51.994694,-41.010422
eta_lat_p51p994694_lon_m47p010422.npy,51.994694,-47.010422
eta_lat_p51p994694_lon_p150p989563.npy,51.994694,150.989563
eta_lat_p55p389462_lon_m143p010422.npy,55.389462,-143.010422
eta_lat_p55p389462_lon_m23p010422.npy,55.389462,-23.010422
eta_lat_p55p389462_lon_m29p010422.npy,55.389462,-29.010422
eta_lat_p55p389462_lon_m35p010422.npy,55.389462,-35.010422
eta_lat_p55p389462_lon_m41p010422.npy,55.389462,-41.010422
eta_lat_p55p389462_lon_m47p010422.npy,55.389462,-47.010422
eta_lat_p55p389462_lon_p174p989563.npy,55.389462,174.989563
eta_lat_p58p392208_lon_m35p018463.npy,58.392208,-35.018463
eta_lat_p58p428707_lon_m29p032135.npy,58.428707,-29.032135
eta_lat_p58p499409_lon_m23p040436.npy,58.499409,-23.040436
eta_lat_p58p499409_lon_m52p959564.npy,58.499409,-52.959564
eta_lat_p58p669430_lon_p174p969116.npy,58.66943,174.969116
eta_lat_p5p545479_lon_m101p010414.npy,5.545479,-101.010414
eta_lat_p5p545479_lon_m107p010414.npy,5.545479,-107.010414
eta_lat_p5p545479_lon_m113p010414.npy,5.545479,-113.010414
eta_lat_p5p545479_lon_m119p010414.npy,5.545479,-119.010414
eta_lat_p5p545479_lon_m125p010414.npy,5.545479,-125.010414
eta_lat_p5p545479_lon_m131p010422.npy,5.545479,-131.010422
eta_lat_p5p545479_lon_m137p010422.npy,5.545479,-137.010422
eta_lat_p5p545479_lon_m143p010422.npy,5.545479,-143.010422
eta_lat_p5p545479_lon_m149p010422.npy,5.545479,-149.010422
eta_lat_p5p545479_lon_m155p010422.npy,5.545479,-155.010422
eta_lat_p5p545479_lon_m167p010422.npy,5.545479,-167.010422
eta_lat_p5p545479_lon_m173p010422.npy,5.545479,-173.010422
eta_lat_p5p545479_lon_m23p010422.npy,5.545479,-23.010422
eta_lat_p5p545479_lon_m29p010422.npy,5.545479,-29.010422
eta_lat_p5p545479_lon_m35p010422.npy,5.545479,-35.010422
eta_lat_p5p545479_lon_m41p010422.npy,5.545479,-41.010422
eta_lat_p5p545479_lon_m95p010414.npy,5.545479,-95.010414
eta_lat_p5p545479_lon_p54p989578.npy,5.545479,54.989578
eta_lat_p5p545479_lon_p60p989578.npy,5.545479,60.989578
eta_lat_p5p545479_lon_p66p989594.npy,5.545479,66.989594
eta_lat_p61p082935_lon_m35p089630.npy,61.082935,-35.08963
eta_lat_p61p185383_lon_m29p222214.npy,61.185383,-29.222214
eta_lat_p61p367260_lon_m23p297623.npy,61.36726,-23.297623
eta_lat_p61p579643_lon_m17p313934.npy,61.579643,-17.313934
eta_lat_p61p579643_lon_m58p686073.npy,61.579643,-58.686073
eta_lat_p63p507416_lon_m35p256088.npy,63.507416,-35.256088
eta_lat_p63p711063_lon_m29p662918.npy,63.711063,-29.662918
eta_lat_p64p927673_lon_m5p599991.npy,64.927673,-5.599991
eta_lat_p65p078934_lon_p0p678101.npy,65.078934,0.678101
eta_lat_p65p913406_lon_m30p464722.npy,65.913406,-30.464722
eta_lat_p67p749512_lon_m6p266800.npy,67.749512,-6.2668
eta_lat_p67p966568_lon_p0p326355.npy,67.966568,0.326355
eta_lat_p68p049988_lon_p6p988419.npy,68.049988,6.988419
eta_lat_p70p660629_lon_m0p213028.npy,70.660629,-0.213028
eta_lat_p70p750267_lon_p6p987473.npy,70.750267,6.987473
